team_id,session_id,session_type,player_id,ts,x_m,y_m,speed_mps,hr_bpm
TEAM_B,S002,training,P005,2026-03-03T16:42:56,95.031,32.791,12.694,155
TEAM_B,S002,training,P004,,55.571,45.579,1.201,152
TEAM_B,S002,training,P010,2026-03-03T16:10:20,59.661,36.072,12.0,149
TEAM_A,S001,match,P003,,5.593,28.441,0.233,174
TEAM_B,S004,training,P009,,3.679,42.793,1.22,144
TEAM_A,S001,match,P002,,47.995,19.484,0.796,148
TEAM_A,S001,match,P012,,19.879,36.104,1.015,132
TEAM_B,S004,training,P010,2026-03-07T17:02:45,88.297,63.541,12.537,173
TEAM_A,S003,match,P012,,71.811,0.41,0.51,151
TEAM_B,S002,training,P007,,68.444,39.265,1.063,163
TEAM_A,S001,match,P010,,30.984,3.315,0.932,155
TEAM_B,S002,training,P016,,22.493,46.292,1.095,154
TEAM_A,S001,match,P013,,50.535,58.093,0.74,161
TEAM_B,S004,training,P013,2026-03-07T16:40:45,78.141,34.832,12.633,159
TEAM_A,S001,match,P015,2026-03-01T16:20:46,62.889,31.079,12.749,179
TEAM_B,S004,training,P017,2026-03-07T17:08:36,46.665,60.191,12.898,137
TEAM_A,S001,match,P004,2026-03-01T16:40:15,85.102,51.773,12.798,144
TEAM_A,S003,match,P012,,30.974,33.53,0.534,146
TEAM_A,S001,match,P004,2026-03-01T16:19:06,104.595,0.0,13.322,143
TEAM_B,S002,training,P016,,28.227,28.88,0.562,151
TEAM_B,S004,training,P010,2026-03-07T16:47:22,92.405,63.729,12.499,154
TEAM_B,S002,training,P017,,102.537,22.087,0.364,155
TEAM_A,S003,match,P017,2026-03-05T16:13:44,75.605,34.668,13.262,130
TEAM_B,S002,training,P015,,66.55,59.384,0.63,151
TEAM_B,S002,training,P003,,67.238,40.889,1.409,164
TEAM_B,S004,training,P008,,20.479,36.88,0.341,136
TEAM_A,S001,match,P017,2026-03-01T16:06:28,61.524,54.702,12.621,152
TEAM_B,S002,training,P004,2026-03-03T16:50:08,74.494,42.232,12.969,147
TEAM_A,S001,match,P011,2026-03-01T16:44:53,101.04,34.026,12.392,125
TEAM_B,S002,training,P014,2026-03-03T16:43:11,70.475,20.522,13.828,138
TEAM_B,S004,training,P001,,100.929,57.627,1.233,146
TEAM_B,S004,training,P004,2026-03-07T16:26:33,7.959,61.443,12.917,161
TEAM_B,S004,training,P017,2026-03-07T16:43:10,55.593,56.489,12.866,155
TEAM_B,S002,training,P002,,45.402,47.532,0.238,157
TEAM_B,S002,training,P016,2026-03-03T16:10:44,28.658,32.407,12.621,154
TEAM_A,S001,match,P010,,1.106,3.002,1.001,135
TEAM_A,S001,match,P005,,17.928,5.91,0.458,144
TEAM_A,S001,match,P002,2026-03-01T17:13:35,83.906,21.872,13.251,153
TEAM_A,S003,match,P013,,58.278,41.099,0.952,149
TEAM_A,S003,match,P010,2026-03-05T17:27:53,29.442,14.894,12.51,149
TEAM_B,S002,training,P008,,69.23,2.545,0.993,147
TEAM_A,S003,match,P009,,105.0,38.516,0.045,152
TEAM_A,S003,match,P003,,86.979,54.953,0.291,152
TEAM_A,S001,match,P009,,33.18,13.004,0.975,147
TEAM_B,S004,training,P016,2026-03-07T17:11:47,75.474,5.538,12.895,144
TEAM_B,S002,training,P011,2026-03-03T16:53:55,21.397,39.933,13.307,140
TEAM_B,S004,training,P003,,59.113,59.403,1.17,136
TEAM_A,S001,match,P016,2026-03-01T16:49:35,78.415,37.773,12.902,168
TEAM_A,S003,match,P003,2026-03-05T16:46:57,93.67,63.798,12.9,158
TEAM_B,S004,training,P001,2026-03-07T17:09:34,105.0,1.87,12.309,161
TEAM_A,S003,match,P013,,51.425,36.062,0.63,164
TEAM_A,S001,match,P007,,2.468,11.851,1.139,143
TEAM_B,S004,training,P008,,48.01,22.224,0.431,153
TEAM_B,S002,training,P018,2026-03-03T16:07:06,39.021,3.832,13.231,162
TEAM_B,S002,training,P004,,70.633,45.617,0.605,144
TEAM_A,S001,match,P009,,36.611,7.971,1.263,160
TEAM_A,S003,match,P003,2026-03-05T17:22:26,84.212,44.54,12.52,155
TEAM_A,S003,match,P015,2026-03-05T16:59:44,88.486,32.752,12.391,161
TEAM_B,S002,training,P008,,47.755,13.21,0.645,142
TEAM_B,S002,training,P002,2026-03-03T16:11:06,44.571,28.285,12.771,143
TEAM_A,S001,match,P007,,8.902,9.988,0.496,135
TEAM_A,S003,match,P016,2026-03-05T16:18:27,82.161,16.879,12.537,130
TEAM_A,S003,match,P012,2026-03-05T17:17:25,22.485,28.401,12.172,161
TEAM_B,S002,training,P014,,86.934,0.01,0.565,147
TEAM_B,S004,training,P001,2026-03-07T16:59:37,104.812,6.21,12.789,158
TEAM_B,S002,training,P012,2026-03-03T16:32:36,39.628,20.707,12.275,160
TEAM_A,S001,match,P002,,99.988,21.905,0.672,152
TEAM_A,S003,match,P001,2026-03-05T17:27:44,21.981,15.557,12.827,156
TEAM_B,S002,training,P013,,79.798,31.603,0.399,134
TEAM_B,S004,training,P012,2026-03-07T17:10:43,96.093,58.717,12.479,125
TEAM_B,S004,training,P011,2026-03-07T16:10:45,66.719,15.69,12.483,148
TEAM_A,S001,match,P018,2026-03-01T17:13:18,81.1,12.007,13.177,150
TEAM_A,S001,match,P016,2026-03-01T16:18:50,102.22,67.954,12.793,158
TEAM_B,S004,training,P007,2026-03-07T16:11:09,26.565,51.084,12.388,152
TEAM_B,S002,training,P011,,10.78,19.496,0.693,156
TEAM_A,S003,match,P012,2026-03-05T17:24:20,31.808,37.965,12.62,155
TEAM_A,S003,match,P010,2026-03-05T17:23:01,42.64,7.838,12.801,133
TEAM_B,S002,training,P008,2026-03-03T16:10:12,34.162,22.887,12.647,151
TEAM_A,S003,match,P016,2026-03-05T17:13:27,67.38,7.55,12.772,141
TEAM_B,S002,training,P007,2026-03-03T16:51:36,62.327,56.469,12.277,141
TEAM_B,S004,training,P008,2026-03-07T16:33:28,45.11,18.811,13.683,157
TEAM_B,S002,training,P008,,45.331,13.909,0.999,167
TEAM_A,S001,match,P013,2026-03-01T16:44:06,73.896,40.267,12.921,138
TEAM_A,S003,match,P005,,2.29,14.894,0.378,159
TEAM_A,S001,match,P006,2026-03-01T16:20:18,46.463,50.948,12.661,160
TEAM_B,S002,training,P006,,19.962,8.316,0.301,157
TEAM_A,S001,match,P003,2026-03-01T17:14:48,18.293,18.509,12.245,162
TEAM_A,S001,match,P015,,44.514,32.078,0.762,155
TEAM_A,S003,match,P004,,54.956,2.455,0.795,157
TEAM_A,S001,match,P015,,81.486,14.015,0.212,156
TEAM_B,S002,training,P002,2026-03-03T16:54:06,33.844,51.309,12.924,153
TEAM_B,S002,training,P005,,101.461,36.561,1.158,155
TEAM_A,S001,match,P005,,25.548,14.697,13.224,165
TEAM_B,S002,training,P005,,92.257,26.508,0.538,154
TEAM_B,S002,training,P015,2026-03-03T16:24:31,93.125,63.949,13.432,138
TEAM_A,S003,match,P011,,54.251,56.139,0.804,164
TEAM_B,S002,training,P014,,87.602,0.247,0.848,172
TEAM_B,S004,training,P005,,62.166,57.725,0.389,150
TEAM_A,S003,match,P013,,92.703,9.908,0.776,175
TEAM_A,S001,match,P008,2026-03-01T16:39:14,97.537,51.607,12.897,148
TEAM_B,S002,training,P017,,104.003,23.445,0.352,178
TEAM_B,S004,training,P017,,76.145,43.762,0.478,137
TEAM_B,S004,training,P018,,27.013,59.504,0.242,133
TEAM_A,S003,match,P017,,78.598,14.345,0.075,145
TEAM_A,S003,match,P015,2026-03-05T16:41:36,99.704,44.16,12.777,128
TEAM_A,S001,match,P014,2026-03-01T16:01:57,14.633,3.966,13.022,158
TEAM_A,S001,match,P003,2026-03-01T16:22:34,48.03,34.343,12.953,153
TEAM_B,S002,training,P011,2026-03-03T16:17:31,23.427,7.172,13.105,154
TEAM_A,S003,match,P013,2026-03-05T16:42:26,100.069,7.336,12.746,150
TEAM_A,S001,match,P006,2026-03-01T16:13:54,36.668,38.382,13.572,130
TEAM_A,S001,match,P004,2026-03-01T17:14:43,11.926,56.064,13.415,141
TEAM_A,S001,match,P002,2026-03-01T16:04:26,48.246,15.013,12.93,175
TEAM_A,S001,match,P014,2026-03-01T16:48:20,16.185,60.254,13.557,143
TEAM_A,S001,match,P003,2026-03-01T16:45:07,8.812,1.082,12.671,148
TEAM_A,S003,match,P006,2026-03-05T16:26:16,73.645,15.668,12.679,147
TEAM_B,S002,training,P016,2026-03-03T16:41:50,2.562,63.538,13.245,145
TEAM_B,S002,training,P017,2026-03-03T16:51:17,67.373,23.14,12.1,137
TEAM_B,S004,training,P011,,48.188,66.402,0.349,158
TEAM_B,S002,training,P009,,48.569,15.969,1.287,143
TEAM_B,S002,training,P011,2026-03-03T16:36:47,21.345,37.038,12.788,149
TEAM_A,S003,match,P010,,31.564,5.012,0.957,163
TEAM_B,S004,training,P002,2026-03-07T16:02:52,60.365,35.928,13.052,143
TEAM_B,S002,training,P005,2026-03-03T17:10:33,101.053,35.294,12.541,142
TEAM_B,S002,training,P007,,80.131,36.768,0.78,146
TEAM_B,S002,training,P007,,72.711,47.264,0.977,137
TEAM_A,S003,match,P011,2026-03-05T17:20:49,46.89,41.712,12.563,158
TEAM_A,S003,match,P001,,5.971,29.783,0.807,162
TEAM_A,S001,match,P015,2026-03-01T16:31:59,101.2,22.799,12.876,143
TEAM_A,S003,match,P010,,42.692,2.23,1.548,164
TEAM_A,S003,match,P014,2026-03-05T17:20:16,93.694,64.957,12.717,158
TEAM_A,S001,match,P015,2026-03-01T16:43:59,81.793,17.584,12.556,163
TEAM_A,S003,match,P013,2026-03-05T16:31:41,87.739,4.464,13.069,151
TEAM_B,S002,training,P006,,2.418,24.285,0.459,155
TEAM_B,S002,training,P018,,31.511,21.072,1.534,140
TEAM_B,S002,training,P015,2026-03-03T16:25:29,84.406,62.807,13.225,151
TEAM_A,S003,match,P012,,60.006,44.734,1.107,134
TEAM_B,S002,training,P002,2026-03-03T16:59:04,25.642,52.713,12.742,132
TEAM_B,S002,training,P017,2026-03-03T17:08:09,102.54,42.89,12.565,152
TEAM_B,S002,training,P003,2026-03-03T16:18:04,49.794,56.747,12.862,135
TEAM_A,S003,match,P004,2026-03-05T16:45:35,61.052,2.648,13.155,156
TEAM_B,S004,training,P015,2026-03-07T17:04:59,0.0,7.7,12.0,165
TEAM_B,S002,training,P014,,95.281,20.384,1.285,160
TEAM_A,S001,match,P014,,16.921,40.311,0.886,151
TEAM_A,S003,match,P012,2026-03-05T16:39:34,56.5,42.264,12.513,152
TEAM_A,S003,match,P006,2026-03-05T16:57:29,51.087,35.546,12.94,165
TEAM_A,S003,match,P017,2026-03-05T16:22:24,89.329,25.508,12.582,164
TEAM_B,S002,training,P009,,62.572,31.289,0.917,161
TEAM_A,S001,match,P010,,70.75,1.806,1.076,146
TEAM_B,S002,training,P013,,40.057,55.648,0.865,157
TEAM_B,S002,training,P004,2026-03-03T16:25:32,53.688,62.371,12.003,164
TEAM_B,S002,training,P007,2026-03-03T16:29:13,77.392,41.318,12.897,151
TEAM_A,S003,match,P008,2026-03-05T16:25:30,70.323,29.637,13.041,144
TEAM_B,S004,training,P001,2026-03-07T17:14:42,102.351,0.0,12.794,175
TEAM_B,S004,training,P011,2026-03-07T17:06:38,71.629,56.281,12.664,144
TEAM_A,S003,match,P011,2026-03-05T16:36:12,69.211,54.748,12.526,157
TEAM_A,S003,match,P004,2026-03-05T17:05:02,77.612,2.27,12.369,148
TEAM_B,S004,training,P008,2026-03-07T16:57:48,30.139,28.154,12.966,145
TEAM_B,S004,training,P012,2026-03-07T16:30:20,90.637,56.286,12.805,145
TEAM_B,S004,training,P009,2026-03-07T16:07:08,13.833,4.315,13.212,160
TEAM_A,S003,match,P016,2026-03-05T16:44:08,98.334,10.279,12.666,141
TEAM_A,S003,match,P002,,23.227,26.85,0.571,143
TEAM_A,S003,match,P017,,80.841,9.655,0.914,117
TEAM_A,S003,match,P013,,53.634,33.929,0.667,139
TEAM_B,S002,training,P008,,60.216,4.043,0.837,150
TEAM_B,S004,training,P003,,91.277,59.429,0.74,176
TEAM_B,S002,training,P018,,7.049,1.363,0.267,179
TEAM_A,S001,match,P016,,78.822,35.709,0.741,170
TEAM_A,S001,match,P003,2026-03-01T16:31:05,30.996,38.616,12.817,136
TEAM_B,S004,training,P015,2026-03-07T16:48:58,0.0,26.806,12.669,159
TEAM_B,S004,training,P015,,50.684,19.575,0.736,142
TEAM_A,S001,match,P011,2026-03-01T17:26:52,99.751,64.552,12.652,134
TEAM_B,S004,training,P016,2026-03-07T16:02:43,76.481,49.474,12.776,150
TEAM_A,S001,match,P016,2026-03-01T16:10:22,95.062,52.218,13.032,153
TEAM_A,S001,match,P006,,88.885,67.404,1.102,150
TEAM_B,S002,training,P007,,70.039,44.925,0.535,145
TEAM_B,S002,training,P016,,43.159,48.924,0.614,142
TEAM_B,S004,training,P016,2026-03-07T16:03:29,79.648,49.417,12.766,147
TEAM_A,S001,match,P012,,40.913,17.185,0.473,145
TEAM_A,S003,match,P004,2026-03-05T17:06:44,76.056,12.856,12.804,145
TEAM_A,S001,match,P006,2026-03-01T16:18:43,41.446,38.398,12.887,136
TEAM_B,S004,training,P011,2026-03-07T16:12:40,69.519,0.353,12.984,166
TEAM_A,S003,match,P012,,50.332,52.773,0.102,151
TEAM_A,S003,match,P013,,56.94,13.59,1.022,133
TEAM_B,S004,training,P007,2026-03-07T16:14:47,26.839,35.07,13.136,145
TEAM_A,S003,match,P015,,102.789,49.603,0.824,163
TEAM_B,S004,training,P012,,97.395,54.578,0.247,134
TEAM_B,S002,training,P016,,20.366,33.176,0.0,138
TEAM_B,S004,training,P015,,15.743,3.619,0.723,143
TEAM_A,S003,match,P004,2026-03-05T17:19:14,69.555,18.14,12.958,157
TEAM_B,S002,training,P018,,9.564,2.666,0.995,138
TEAM_B,S004,training,P003,2026-03-07T17:09:03,93.371,64.567,12.747,143
TEAM_B,S004,training,P002,,38.913,31.367,1.264,152
TEAM_B,S004,training,P005,,23.608,35.178,0.497,165
TEAM_A,S001,match,P009,,59.52,7.718,0.353,132
TEAM_A,S001,match,P007,,4.894,61.24,0.228,164
TEAM_B,S002,training,P010,,92.775,44.891,0.366,137
TEAM_B,S002,training,P014,,77.001,35.675,1.167,154
TEAM_B,S002,training,P016,,3.447,61.539,1.038,143
TEAM_A,S003,match,P018,,78.174,33.356,0.229,140
TEAM_B,S002,training,P015,,68.421,11.076,0.351,159
TEAM_A,S003,match,P015,,103.415,47.286,0.509,163
TEAM_A,S001,match,P009,,61.303,18.629,0.719,151
TEAM_A,S003,match,P007,,93.748,33.024,0.582,136
TEAM_A,S003,match,P012,2026-03-05T16:02:25,67.14,2.868,12.861,159
TEAM_B,S004,training,P011,,58.258,4.643,1.796,151
TEAM_A,S001,match,P005,2026-03-01T17:25:52,54.518,33.34,12.918,144
TEAM_A,S001,match,P003,,17.357,18.814,1.054,155
TEAM_B,S004,training,P017,,31.236,58.513,1.254,150
TEAM_B,S004,training,P015,,23.104,15.211,0.229,113
TEAM_A,S001,match,P009,2026-03-01T16:24:30,33.279,10.743,13.589,158
TEAM_A,S003,match,P014,,75.683,17.289,1.268,138
TEAM_B,S002,training,P007,2026-03-03T16:52:30,60.519,51.301,13.008,135
TEAM_A,S003,match,P007,2026-03-05T16:26:34,66.013,21.333,13.423,153
TEAM_B,S004,training,P009,2026-03-07T16:52:46,4.272,57.053,12.905,139
TEAM_A,S003,match,P008,,35.975,5.818,0.361,148
TEAM_A,S001,match,P003,2026-03-01T16:51:48,20.149,5.556,12.676,151
TEAM_B,S002,training,P002,2026-03-03T16:13:27,53.056,31.612,13.321,161
TEAM_A,S001,match,P005,,35.04,29.114,0.62,126
TEAM_B,S002,training,P008,,69.614,3.636,0.885,160
TEAM_A,S001,match,P009,,37.645,5.922,0.816,133
TEAM_B,S004,training,P010,2026-03-07T16:08:06,78.419,32.92,13.067,134
TEAM_B,S002,training,P010,2026-03-03T17:04:18,88.482,65.813,12.653,152
TEAM_A,S003,match,P010,,26.675,19.376,1.26,147
TEAM_B,S002,training,P009,,55.432,4.108,0.624,149
TEAM_B,S002,training,P009,,35.41,0.519,0.618,156
TEAM_A,S001,match,P006,,32.059,27.339,0.555,155
TEAM_A,S003,match,P008,2026-03-05T16:24:58,69.318,27.198,12.93,167
TEAM_B,S002,training,P003,2026-03-03T16:19:55,61.639,56.404,12.783,179
TEAM_B,S002,training,P006,2026-03-03T17:09:13,2.344,26.588,13.053,149
TEAM_B,S004,training,P018,,53.963,26.223,0.497,131
TEAM_A,S001,match,P013,2026-03-01T16:13:52,80.563,43.409,12.865,159
TEAM_A,S003,match,P017,,55.641,14.996,0.797,158
TEAM_B,S004,training,P017,2026-03-07T16:04:07,93.395,34.723,12.366,168
TEAM_A,S001,match,P016,2026-03-01T16:12:05,97.405,58.774,12.549,148
TEAM_B,S004,training,P009,,4.61,7.823,0.602,147
TEAM_A,S001,match,P002,2026-03-01T17:04:12,101.598,13.591,12.783,163
TEAM_A,S003,match,P007,,71.408,16.936,0.301,136
TEAM_A,S001,match,P004,,68.326,51.848,0.786,151
TEAM_A,S003,match,P012,,45.871,53.459,0.775,155
TEAM_A,S001,match,P014,2026-03-01T16:46:14,20.503,58.55,12.593,136
TEAM_A,S001,match,P017,2026-03-01T16:50:11,26.096,58.584,12.929,122
TEAM_B,S004,training,P017,2026-03-07T17:00:01,34.375,64.139,12.731,124
TEAM_B,S004,training,P016,2026-03-07T17:02:06,85.0,8.91,13.341,152
TEAM_B,S002,training,P001,,32.747,34.663,0.422,149
TEAM_B,S004,training,P012,2026-03-07T16:49:49,91.015,68.0,12.711,154
TEAM_A,S001,match,P018,2026-03-01T17:03:49,101.485,19.015,12.105,154
TEAM_A,S003,match,P002,,33.108,33.591,1.12,161
TEAM_B,S002,training,P016,2026-03-03T16:56:42,19.219,58.762,12.737,151
TEAM_B,S004,training,P017,,36.108,56.188,0.0,153
TEAM_B,S004,training,P010,,83.17,37.257,1.21,146
TEAM_B,S002,training,P018,2026-03-03T17:14:34,35.689,16.515,12.53,121
TEAM_B,S004,training,P018,2026-03-07T16:58:36,27.374,61.127,12.388,144
TEAM_A,S003,match,P003,2026-03-05T16:12:29,55.801,60.471,12.741,156
TEAM_A,S001,match,P003,,7.747,10.424,1.238,167
TEAM_B,S002,training,P008,,49.126,12.797,1.486,156
TEAM_B,S002,training,P007,,68.956,41.19,1.005,154
TEAM_B,S004,training,P002,2026-03-07T16:27:04,34.731,59.404,12.799,155
TEAM_A,S003,match,P018,2026-03-05T16:22:00,72.682,29.112,12.954,166
TEAM_A,S003,match,P015,2026-03-05T16:58:39,93.762,30.748,13.342,152
TEAM_A,S001,match,P010,,49.972,9.007,0.857,156
TEAM_B,S004,training,P015,2026-03-07T16:31:15,19.595,17.065,13.089,131
TEAM_A,S001,match,P013,,68.249,23.42,0.503,172
TEAM_B,S002,training,P013,2026-03-03T16:18:38,45.406,51.354,13.112,159
TEAM_B,S002,training,P016,,32.631,34.546,1.312,134
TEAM_A,S003,match,P004,,73.924,24.95,1.343,147
TEAM_A,S003,match,P008,,43.267,27.315,0.362,151
TEAM_A,S001,match,P001,2026-03-01T16:51:04,47.977,55.085,13.51,140
TEAM_B,S002,training,P009,2026-03-03T16:54:25,25.322,16.865,13.717,180
TEAM_A,S003,match,P006,,82.167,60.626,1.035,160
TEAM_A,S001,match,P018,2026-03-01T17:02:33,91.939,16.233,12.977,168
TEAM_A,S001,match,P009,,26.731,9.794,0.732,152
TEAM_B,S004,training,P010,,101.114,65.949,0.568,144
TEAM_A,S003,match,P017,2026-03-05T16:55:53,81.407,26.92,12.375,155
TEAM_B,S004,training,P006,,20.733,57.155,0.827,164
TEAM_B,S004,training,P005,,42.598,35.466,0.281,171
TEAM_B,S004,training,P010,,98.094,48.602,0.855,156
TEAM_A,S003,match,P015,,100.354,33.271,0.486,151
TEAM_A,S003,match,P011,,54.16,61.217,1.218,148
TEAM_B,S004,training,P004,,44.169,65.303,0.618,145
TEAM_A,S003,match,P001,2026-03-05T16:47:38,0.498,19.706,12.676,142
TEAM_B,S002,training,P015,,83.51,67.555,0.72,148
TEAM_A,S003,match,P017,2026-03-05T17:02:41,81.682,11.86,12.509,162
TEAM_B,S002,training,P009,,37.325,0.0,0.791,146
TEAM_A,S003,match,P003,2026-03-05T17:09:24,103.81,46.515,13.062,137
TEAM_B,S002,training,P016,,40.171,39.07,0.647,189
TEAM_B,S002,training,P005,,100.944,25.685,0.505,150
TEAM_A,S001,match,P018,2026-03-01T16:01:12,36.59,40.411,12.744,145
TEAM_B,S004,training,P016,,67.585,9.049,1.324,144
TEAM_A,S003,match,P018,,102.426,55.083,0.765,148
TEAM_B,S002,training,P015,2026-03-03T16:08:20,60.469,49.795,12.833,155
TEAM_A,S001,match,P017,,56.288,61.608,1.111,143
TEAM_B,S004,training,P007,,38.718,34.678,0.744,139
TEAM_A,S003,match,P011,,74.966,53.208,1.191,167
TEAM_B,S004,training,P015,,47.903,6.772,0.769,143
TEAM_A,S003,match,P018,2026-03-05T16:32:23,93.958,55.524,12.658,150
TEAM_A,S001,match,P018,,85.043,7.836,0.263,138
TEAM_B,S002,training,P004,2026-03-03T17:10:56,66.104,43.821,12.716,185
TEAM_B,S002,training,P009,,43.725,4.416,0.555,166
TEAM_B,S002,training,P012,,31.189,12.583,0.462,140
TEAM_A,S003,match,P010,,36.148,13.971,0.29,164
TEAM_A,S001,match,P014,,16.862,60.208,0.451,153
TEAM_B,S004,training,P010,,104.332,60.789,0.809,141
TEAM_A,S003,match,P006,,44.084,14.972,0.743,127
TEAM_A,S003,match,P004,,68.307,21.751,0.877,141
TEAM_A,S003,match,P013,2026-03-05T17:17:02,61.089,23.482,12.808,137
TEAM_B,S004,training,P007,2026-03-07T16:17:09,19.695,22.892,12.0,140
TEAM_B,S002,training,P008,,52.297,10.087,1.17,145
TEAM_B,S002,training,P006,,21.487,12.494,0.786,144
TEAM_A,S001,match,P001,2026-03-01T17:20:01,61.432,11.987,12.197,133
TEAM_A,S001,match,P013,2026-03-01T17:16:29,47.011,56.036,13.11,135
TEAM_A,S001,match,P014,,43.862,54.125,1.256,121
TEAM_B,S002,training,P014,2026-03-03T16:42:59,69.517,24.014,12.783,145
TEAM_A,S003,match,P010,,94.332,18.557,0.951,166
TEAM_B,S004,training,P016,2026-03-07T16:32:06,68.89,30.769,12.381,159
TEAM_B,S004,training,P006,,30.728,46.257,0.889,158
TEAM_B,S004,training,P003,,59.501,64.773,0.993,134
TEAM_B,S004,training,P010,,86.842,58.681,0.58,144
TEAM_B,S004,training,P016,2026-03-07T16:42:04,67.404,0.0,12.35,149
TEAM_B,S002,training,P009,2026-03-03T17:14:40,7.536,10.571,12.0,156
TEAM_B,S004,training,P017,,37.519,55.998,0.701,134
TEAM_B,S004,training,P009,,34.278,44.476,0.252,154
TEAM_A,S003,match,P001,2026-03-05T16:49:13,5.137,11.985,13.082,163
TEAM_A,S003,match,P003,,64.903,58.316,0.446,158
TEAM_A,S003,match,P009,2026-03-05T16:03:57,71.313,60.341,13.248,163
TEAM_A,S003,match,P003,,89.243,66.708,0.584,133
TEAM_B,S002,training,P016,,30.182,51.393,0.731,156
TEAM_B,S004,training,P015,2026-03-07T17:09:05,2.466,5.054,12.94,130
TEAM_B,S002,training,P002,2026-03-03T16:34:48,58.234,58.658,12.462,134
TEAM_A,S001,match,P011,2026-03-01T17:03:29,71.651,45.444,13.009,158
TEAM_A,S003,match,P007,2026-03-05T16:23:30,77.73,12.564,12.78,141
TEAM_B,S004,training,P007,2026-03-07T16:29:51,27.659,43.121,12.665,148
TEAM_A,S003,match,P010,,57.479,12.166,0.0,118
TEAM_A,S001,match,P011,,102.277,65.386,0.413,124
TEAM_A,S001,match,P018,,49.75,24.997,0.821,141
TEAM_B,S002,training,P002,2026-03-03T16:07:04,51.567,54.366,12.553,154
TEAM_A,S001,match,P001,2026-03-01T16:54:11,48.689,34.944,12.717,167
TEAM_B,S004,training,P013,2026-03-07T16:56:52,78.201,23.74,12.381,145
TEAM_B,S002,training,P017,,95.99,21.686,1.101,162
TEAM_A,S001,match,P012,,22.465,17.955,0.631,147
TEAM_B,S004,training,P009,,8.244,53.539,0.857,159
TEAM_B,S002,training,P003,2026-03-03T16:23:33,52.707,35.154,12.685,140
TEAM_B,S004,training,P016,,64.641,27.186,0.949,144
TEAM_B,S004,training,P012,2026-03-07T16:07:25,65.592,38.36,12.397,168
TEAM_B,S002,training,P008,,62.24,14.673,0.597,149
TEAM_B,S004,training,P012,2026-03-07T16:31:00,88.502,57.727,13.029,148
TEAM_A,S003,match,P002,2026-03-05T16:37:20,13.595,11.012,12.929,164
TEAM_B,S004,training,P012,2026-03-07T17:08:51,91.883,52.342,12.985,159
TEAM_A,S001,match,P013,2026-03-01T16:47:02,62.842,34.625,12.319,147
TEAM_A,S003,match,P003,2026-03-05T17:26:13,77.305,48.19,12.67,147
TEAM_B,S004,training,P007,2026-03-07T16:08:09,30.654,47.478,12.465,148
TEAM_A,S003,match,P018,2026-03-05T17:03:14,79.952,50.399,12.979,148
TEAM_A,S001,match,P016,2026-03-01T17:28:10,31.453,34.316,12.617,138
TEAM_B,S004,training,P004,2026-03-07T17:04:41,69.985,53.603,12.691,148
TEAM_B,S004,training,P003,,90.878,64.25,1.177,150
TEAM_A,S003,match,P005,,11.023,11.517,1.061,153
TEAM_B,S004,training,P010,,94.079,63.902,1.501,147
TEAM_A,S003,match,P018,2026-03-05T16:45:08,92.202,67.517,13.16,154
TEAM_A,S001,match,P009,2026-03-01T16:48:52,56.435,12.711,12.836,159
TEAM_A,S001,match,P001,,59.43,30.335,0.601,132
TEAM_B,S004,training,P018,,35.494,46.352,0.49,156
TEAM_A,S003,match,P013,,66.688,24.871,0.976,134
TEAM_A,S001,match,P015,,35.293,25.88,0.806,149
TEAM_B,S004,training,P017,,76.778,44.502,1.206,164
TEAM_B,S002,training,P002,,73.383,54.441,0.833,155
TEAM_A,S003,match,P015,2026-03-05T16:19:47,96.402,46.789,12.623,155
TEAM_B,S002,training,P007,2026-03-03T16:08:29,62.332,43.089,12.798,145
TEAM_B,S004,training,P015,2026-03-07T16:11:52,48.104,14.207,13.631,160
TEAM_B,S004,training,P006,,9.252,42.027,1.713,146
TEAM_B,S004,training,P015,,20.692,9.799,0.701,140
TEAM_B,S002,training,P005,2026-03-03T16:42:00,95.15,34.548,12.331,152
TEAM_A,S003,match,P012,,62.07,34.629,0.431,170
TEAM_B,S002,training,P018,2026-03-03T16:21:55,31.603,19.475,13.12,155
TEAM_A,S003,match,P005,2026-03-05T17:26:46,6.561,46.889,12.706,154
TEAM_A,S001,match,P002,2026-03-01T16:00:55,36.839,23.37,12.936,161
TEAM_B,S004,training,P008,,37.057,3.027,0.86,172
TEAM_B,S004,training,P006,,28.402,42.975,1.147,137
TEAM_A,S003,match,P013,2026-03-05T17:18:27,55.271,27.198,12.845,146
TEAM_A,S003,match,P003,,76.303,47.452,0.877,144
TEAM_B,S004,training,P003,,85.382,67.781,0.384,159
TEAM_A,S001,match,P004,,76.911,49.46,1.195,152
TEAM_B,S002,training,P012,2026-03-03T16:02:51,35.275,27.146,12.606,148
TEAM_A,S001,match,P004,2026-03-01T16:21:05,100.813,2.879,12.578,148
TEAM_A,S003,match,P011,2026-03-05T16:35:55,69.924,52.826,13.111,136
TEAM_A,S003,match,P016,2026-03-05T17:22:19,77.917,36.924,12.066,141
TEAM_A,S001,match,P008,,79.564,38.883,0.752,149
TEAM_A,S003,match,P003,,86.879,64.755,0.196,157
TEAM_A,S003,match,P015,,86.045,23.834,0.79,142
TEAM_B,S004,training,P009,,3.908,11.553,0.841,125
TEAM_B,S002,training,P008,,65.702,5.806,0.561,143
TEAM_B,S004,training,P017,,57.067,52.617,0.658,157
TEAM_A,S001,match,P009,2026-03-01T17:27:10,40.72,4.845,12.245,157
TEAM_A,S001,match,P014,2026-03-01T16:43:26,24.631,62.631,12.359,136
TEAM_B,S004,training,P003,2026-03-07T16:11:17,14.458,55.199,13.197,134
TEAM_B,S002,training,P004,2026-03-03T16:32:43,61.369,63.613,12.675,147
TEAM_B,S004,training,P002,,48.867,57.629,1.014,131
TEAM_A,S003,match,P008,2026-03-05T16:43:34,58.827,37.506,12.844,156
TEAM_B,S004,training,P016,2026-03-07T17:04:49,73.545,15.922,12.562,129
TEAM_A,S003,match,P015,2026-03-05T17:21:40,84.657,42.464,12.729,140
TEAM_B,S002,training,P009,2026-03-03T16:10:34,60.984,28.104,12.71,151
TEAM_B,S002,training,P001,2026-03-03T17:12:23,39.006,46.399,13.199,153
TEAM_B,S002,training,P008,2026-03-03T16:00:28,52.267,35.753,12.912,147
TEAM_A,S001,match,P017,2026-03-01T16:53:08,29.34,59.319,12.941,156
TEAM_A,S003,match,P018,,98.808,61.413,0.993,140
TEAM_A,S003,match,P004,2026-03-05T17:02:23,72.113,3.985,12.383,170
TEAM_B,S002,training,P010,,73.792,53.585,0.563,158
TEAM_B,S004,training,P009,2026-03-07T16:50:11,23.074,50.583,12.418,151
TEAM_B,S002,training,P010,2026-03-03T16:49:43,91.266,58.357,12.968,129
TEAM_A,S003,match,P014,2026-03-05T16:03:52,62.74,19.118,12.002,162
TEAM_B,S004,training,P007,,24.079,23.792,0.075,139
TEAM_A,S001,match,P002,,76.22,9.834,0.33,139
TEAM_B,S004,training,P009,,3.646,34.206,0.008,154
TEAM_A,S003,match,P010,2026-03-05T16:17:42,78.327,19.574,12.988,148
TEAM_A,S001,match,P018,2026-03-01T17:05:48,89.534,16.101,13.01,174
TEAM_B,S002,training,P006,2026-03-03T16:06:06,42.995,21.104,12.438,137
TEAM_B,S002,training,P002,2026-03-03T16:32:06,65.282,52.477,13.149,155
TEAM_B,S002,training,P010,,76.005,50.858,0.267,137
TEAM_A,S001,match,P006,,82.234,60.506,1.324,164
TEAM_B,S004,training,P012,,80.161,56.865,0.541,148
TEAM_A,S003,match,P010,2026-03-05T17:10:24,37.854,5.501,12.616,128
TEAM_A,S003,match,P011,2026-03-05T16:24:58,69.473,68.0,12.325,157
TEAM_A,S001,match,P007,2026-03-01T16:56:01,38.539,36.543,12.825,127
TEAM_A,S003,match,P011,,71.773,44.25,1.152,163
TEAM_A,S003,match,P006,2026-03-05T16:52:44,50.375,45.574,12.413,131
TEAM_B,S004,training,P005,2026-03-07T17:08:42,68.849,37.982,13.341,145
TEAM_A,S003,match,P003,2026-03-05T16:13:18,64.728,58.174,12.028,139
TEAM_B,S002,training,P018,,60.668,1.215,0.708,167
TEAM_A,S003,match,P004,,47.548,14.252,0.667,145
TEAM_B,S002,training,P010,,73.031,55.998,0.362,145
TEAM_A,S001,match,P002,,65.469,30.715,0.554,145
TEAM_A,S001,match,P010,,35.958,10.867,1.278,155
TEAM_B,S004,training,P016,,68.956,31.227,0.328,162
TEAM_B,S004,training,P013,2026-03-07T16:34:00,78.836,40.905,12.0,162
TEAM_B,S002,training,P005,2026-03-03T17:14:04,94.545,26.965,12.968,188
TEAM_B,S004,training,P002,,28.762,61.673,0.666,142
TEAM_A,S003,match,P014,,60.323,34.655,0.765,155
TEAM_A,S001,match,P014,,24.082,50.533,0.249,130
TEAM_A,S003,match,P013,,83.524,11.134,1.46,164
TEAM_A,S003,match,P013,,104.529,13.441,1.023,165
TEAM_A,S003,match,P008,,43.526,8.247,0.865,145
TEAM_A,S003,match,P013,2026-03-05T16:36:47,102.62,10.238,12.32,160
TEAM_A,S003,match,P003,,85.693,66.852,0.895,126
TEAM_A,S001,match,P013,2026-03-01T17:12:11,39.587,44.627,13.147,144
TEAM_B,S002,training,P013,,70.604,31.995,0.577,157
TEAM_A,S003,match,P004,2026-03-05T17:19:48,69.934,23.638,12.808,142
TEAM_A,S003,match,P015,2026-03-05T16:22:27,103.207,51.399,13.083,153
TEAM_A,S003,match,P003,2026-03-05T16:55:05,83.033,59.173,13.308,162
TEAM_B,S002,training,P006,2026-03-03T16:48:07,24.867,9.17,13.039,152
TEAM_A,S001,match,P014,2026-03-01T16:47:06,24.46,51.478,12.718,157
TEAM_A,S003,match,P013,,97.094,16.09,1.278,144
TEAM_A,S003,match,P011,,68.255,48.709,0.743,162
TEAM_A,S003,match,P011,,54.808,58.271,1.419,138
TEAM_A,S001,match,P008,,77.743,41.095,0.645,157
TEAM_A,S001,match,P005,,25.007,8.807,0.318,166
TEAM_B,S002,training,P018,,49.968,22.944,1.608,148
TEAM_A,S003,match,P001,,0.832,20.488,0.614,150
TEAM_B,S002,training,P001,,39.71,64.08,0.657,140
TEAM_B,S002,training,P018,,41.059,1.256,0.976,141
TEAM_B,S004,training,P001,,104.175,1.463,1.248,154
TEAM_B,S002,training,P009,,43.147,17.406,0.949,141
TEAM_B,S002,training,P016,,33.228,34.287,1.009,163
TEAM_A,S003,match,P001,,15.497,27.189,0.0,142
TEAM_A,S001,match,P005,2026-03-01T17:00:03,9.412,51.087,12.749,141
TEAM_A,S001,match,P008,,88.86,65.441,1.625,168
TEAM_A,S003,match,P001,2026-03-05T16:15:19,6.202,23.277,12.632,155
TEAM_B,S004,training,P003,2026-03-07T16:21:17,71.189,58.162,12.599,148
TEAM_A,S003,match,P018,,71.494,20.119,1.386,147
TEAM_B,S002,training,P007,2026-03-03T16:44:26,69.853,45.27,13.259,142
TEAM_A,S003,match,P015,,91.037,33.315,0.424,165
TEAM_A,S001,match,P017,,39.492,52.113,0.659,149
TEAM_B,S004,training,P009,,19.367,4.137,0.48,153
TEAM_A,S003,match,P008,,70.279,26.71,1.422,139
TEAM_A,S001,match,P004,,61.352,56.844,0.919,146
TEAM_B,S004,training,P014,,41.209,0.496,1.024,153
TEAM_B,S002,training,P012,2026-03-03T17:02:31,36.451,29.428,12.933,168
TEAM_A,S001,match,P004,2026-03-01T16:29:07,93.945,26.851,12.723,162
TEAM_B,S004,training,P005,2026-03-07T16:06:46,35.4,34.787,13.258,151
TEAM_B,S004,training,P004,2026-03-07T16:07:52,36.088,44.633,12.576,150
TEAM_A,S001,match,P015,,65.069,39.375,0.992,175
TEAM_A,S003,match,P011,,70.581,51.098,0.016,147
TEAM_A,S003,match,P003,2026-03-05T17:19:28,93.065,51.538,13.056,156
TEAM_B,S002,training,P014,2026-03-03T16:30:03,81.344,6.338,13.63,136
TEAM_A,S003,match,P017,2026-03-05T16:18:54,78.995,29.98,12.944,144
TEAM_A,S001,match,P002,2026-03-01T16:36:16,47.225,13.25,13.621,132
TEAM_A,S003,match,P002,2026-03-05T16:38:42,9.538,8.756,12.869,155
TEAM_A,S001,match,P010,2026-03-01T16:49:58,34.09,12.396,12.198,159
TEAM_A,S001,match,P017,,55.764,24.756,0.454,136
TEAM_B,S004,training,P004,2026-03-07T16:04:12,51.19,39.818,12.818,162
TEAM_A,S001,match,P003,2026-03-01T16:03:52,67.255,68.0,12.097,139
TEAM_B,S002,training,P015,2026-03-03T17:07:15,70.515,28.007,12.093,172
TEAM_A,S003,match,P007,,68.14,4.055,0.993,171
TEAM_B,S004,training,P003,,34.542,57.945,0.82,157
TEAM_A,S003,match,P009,,81.788,48.403,0.796,148
TEAM_A,S001,match,P001,2026-03-01T16:30:31,71.89,1.477,12.766,145
TEAM_B,S004,training,P011,,50.85,10.011,1.151,141
TEAM_B,S004,training,P005,,41.349,35.813,0.507,142
TEAM_A,S003,match,P004,2026-03-05T16:07:16,47.236,15.414,12.971,151
TEAM_A,S003,match,P012,,58.782,41.617,0.623,159
TEAM_B,S004,training,P018,,53.258,42.194,0.479,146
TEAM_B,S002,training,P011,2026-03-03T16:23:14,23.59,9.096,12.187,152
TEAM_B,S002,training,P014,,85.567,38.704,0.0,133
TEAM_B,S004,training,P012,2026-03-07T16:36:21,77.99,59.388,13.024,165
TEAM_A,S001,match,P005,2026-03-01T16:15:17,27.158,20.989,13.4,141
TEAM_B,S002,training,P008,2026-03-03T16:52:03,67.011,20.516,12.96,158
TEAM_A,S003,match,P004,,76.194,12.402,0.768,152
TEAM_B,S002,training,P002,2026-03-03T16:10:10,42.627,31.276,13.038,131
TEAM_A,S001,match,P010,2026-03-01T16:41:28,39.439,6.567,12.871,157
TEAM_A,S003,match,P014,2026-03-05T16:03:56,63.596,20.804,12.894,140
TEAM_A,S003,match,P012,2026-03-05T17:26:16,37.183,33.479,13.057,171
TEAM_B,S004,training,P016,2026-03-07T16:43:34,68.08,0.0,12.522,151
TEAM_A,S001,match,P005,,32.718,10.043,0.919,173
TEAM_B,S002,training,P017,2026-03-03T16:21:57,95.283,16.106,13.066,159
TEAM_A,S003,match,P008,,29.709,17.319,0.889,138
TEAM_B,S004,training,P015,,6.857,15.019,0.931,147
TEAM_A,S003,match,P003,2026-03-05T16:36:55,83.447,50.363,12.358,167
TEAM_A,S001,match,P017,2026-03-01T16:07:16,63.108,48.094,12.1,152
TEAM_A,S001,match,P001,,45.457,34.055,0.89,130
TEAM_B,S002,training,P001,2026-03-03T16:43:42,40.689,67.666,12.51,163
TEAM_A,S001,match,P011,2026-03-01T16:15:42,68.826,52.615,12.503,143
TEAM_B,S004,training,P013,,68.248,22.139,0.474,141
TEAM_B,S002,training,P006,2026-03-03T16:07:42,51.218,17.538,13.033,137
TEAM_A,S003,match,P016,,81.014,17.473,0.646,131
TEAM_B,S004,training,P005,,32.873,30.845,0.721,163
TEAM_A,S001,match,P016,2026-03-01T16:11:03,97.297,54.692,13.202,140
TEAM_A,S003,match,P011,2026-03-05T16:14:33,53.827,58.936,13.505,140
TEAM_A,S003,match,P014,,84.876,15.283,0.071,158
TEAM_B,S002,training,P001,,29.492,57.326,0.385,163
TEAM_A,S003,match,P002,2026-03-05T16:56:07,15.817,10.451,12.839,149
TEAM_B,S004,training,P017,,35.451,56.096,0.13,132
TEAM_A,S003,match,P015,2026-03-05T16:31:25,104.224,29.376,12.965,149
TEAM_A,S003,match,P012,2026-03-05T17:11:40,31.339,30.639,12.502,152
TEAM_A,S001,match,P016,2026-03-01T17:09:06,49.517,26.88,12.712,162
TEAM_A,S001,match,P012,2026-03-01T16:40:04,24.237,13.706,13.182,135
TEAM_A,S003,match,P003,2026-03-05T16:35:48,79.733,55.687,12.216,125
TEAM_A,S001,match,P013,,80.204,30.548,0.722,156
TEAM_A,S001,match,P012,2026-03-01T16:08:26,39.646,12.954,12.895,125
TEAM_A,S003,match,P010,,26.095,1.046,0.387,153
TEAM_B,S004,training,P005,,41.584,36.753,0.801,143
TEAM_A,S003,match,P013,2026-03-05T17:27:02,60.198,31.436,12.661,140
TEAM_A,S001,match,P007,2026-03-01T17:12:06,15.173,33.068,12.909,141
TEAM_B,S002,training,P016,2026-03-03T16:15:01,36.066,33.727,12.816,149
TEAM_A,S001,match,P017,,70.281,65.094,0.665,148
TEAM_B,S002,training,P001,,40.923,64.404,0.605,153
TEAM_A,S001,match,P013,2026-03-01T16:05:13,77.294,38.83,12.768,155
TEAM_B,S002,training,P005,2026-03-03T17:14:01,94.721,28.866,12.757,157
TEAM_A,S003,match,P009,2026-03-05T17:08:55,60.787,42.99,12.553,140
TEAM_B,S002,training,P018,,11.279,9.017,0.951,131
TEAM_A,S001,match,P018,,86.837,17.232,0.0,156
TEAM_A,S001,match,P012,2026-03-01T16:48:23,15.414,11.392,12.937,162
TEAM_B,S004,training,P016,2026-03-07T16:03:33,79.215,48.734,12.525,158
TEAM_A,S003,match,P002,,7.549,16.794,0.397,130
TEAM_B,S004,training,P002,,10.246,49.659,0.848,137
TEAM_A,S003,match,P012,,29.533,30.507,0.499,161
TEAM_A,S001,match,P002,,91.216,20.598,1.673,152
TEAM_B,S004,training,P005,2026-03-07T16:55:29,58.122,59.307,13.338,169
TEAM_B,S004,training,P018,,26.644,68.0,0.382,105
TEAM_A,S001,match,P004,,103.506,0.0,0.393,156
TEAM_B,S002,training,P017,,104.241,24.919,0.642,166
TEAM_A,S001,match,P012,2026-03-01T17:29:10,12.836,59.342,12.929,142
TEAM_A,S003,match,P018,,94.557,54.003,0.748,148
TEAM_B,S004,training,P008,,41.468,7.714,0.667,146
TEAM_A,S003,match,P018,,90.638,63.876,0.593,159
TEAM_A,S001,match,P018,2026-03-01T16:59:25,74.611,22.179,12.585,152
TEAM_A,S003,match,P003,,95.14,59.358,0.536,169
TEAM_B,S004,training,P017,2026-03-07T16:15:20,77.425,43.336,13.741,146
TEAM_A,S003,match,P014,2026-03-05T17:22:10,96.894,56.174,12.606,151
TEAM_A,S003,match,P017,2026-03-05T16:12:08,77.49,40.17,12.749,158
TEAM_A,S001,match,P016,,73.361,45.074,1.476,135
TEAM_A,S003,match,P003,2026-03-05T16:59:34,97.569,67.764,12.312,163
TEAM_A,S003,match,P002,,14.791,10.221,0.613,139
TEAM_A,S003,match,P008,2026-03-05T17:10:45,61.873,19.311,12.928,165
TEAM_B,S002,training,P009,2026-03-03T16:13:08,61.436,28.004,12.822,135
TEAM_A,S003,match,P014,2026-03-05T16:48:13,63.665,14.829,13.407,138
TEAM_A,S003,match,P013,2026-03-05T17:17:48,59.077,25.799,12.76,161
TEAM_A,S001,match,P018,,94.395,17.948,0.75,145
TEAM_A,S001,match,P002,,92.356,17.671,0.739,158
TEAM_A,S001,match,P008,2026-03-01T16:52:48,83.738,62.62,12.736,153
TEAM_A,S003,match,P011,,51.774,41.04,1.165,155
TEAM_B,S004,training,P012,2026-03-07T16:12:46,57.518,58.804,12.625,158
TEAM_B,S002,training,P017,2026-03-03T17:10:42,90.092,47.265,12.792,150
TEAM_B,S002,training,P003,,67.2,32.123,1.067,143
TEAM_A,S003,match,P016,,72.225,20.01,1.162,155
TEAM_A,S001,match,P005,,8.257,41.019,0.378,134
TEAM_A,S003,match,P017,,88.369,23.512,0.256,153
TEAM_B,S004,training,P014,2026-03-07T16:46:49,37.267,8.439,13.039,146
TEAM_B,S002,training,P015,2026-03-03T17:13:09,75.442,18.794,12.615,159
TEAM_B,S004,training,P016,2026-03-07T17:03:24,81.642,12.606,12.939,137
TEAM_A,S003,match,P013,2026-03-05T16:32:58,90.284,7.973,13.192,145
TEAM_B,S002,training,P006,,0.873,21.887,0.979,137
TEAM_B,S002,training,P015,,70.627,27.639,0.635,137
TEAM_B,S002,training,P004,,81.655,44.562,0.0,166
TEAM_A,S003,match,P012,,54.475,43.313,0.672,151
TEAM_A,S001,match,P017,,65.177,32.954,0.455,133
TEAM_B,S002,training,P013,,55.011,27.027,1.162,131
TEAM_A,S003,match,P016,2026-03-05T16:01:37,72.392,24.813,12.044,169
TEAM_A,S003,match,P016,2026-03-05T17:06:01,92.34,7.84,13.59,144
TEAM_A,S003,match,P007,2026-03-05T16:49:03,105.0,17.002,12.281,153
TEAM_A,S001,match,P004,2026-03-01T16:12:39,85.968,3.124,12.87,137
TEAM_A,S001,match,P013,2026-03-01T17:00:02,53.492,13.396,12.466,152
TEAM_B,S002,training,P013,,35.557,45.044,0.474,184
TEAM_A,S001,match,P008,,102.367,7.507,1.807,158
TEAM_B,S002,training,P005,2026-03-03T16:47:49,104.483,37.478,12.538,147
TEAM_A,S003,match,P009,2026-03-05T16:28:24,49.537,65.11,12.998,152
TEAM_A,S001,match,P001,,69.212,23.456,0.891,151
TEAM_A,S003,match,P013,,57.459,33.418,0.714,155
TEAM_A,S001,match,P016,2026-03-01T16:40:22,70.157,53.631,12.783,152
TEAM_A,S001,match,P009,,64.752,13.999,0.021,152
TEAM_A,S001,match,P002,,75.73,23.72,1.094,131
TEAM_A,S003,match,P002,,5.631,13.709,1.256,129
TEAM_B,S002,training,P006,,13.958,10.131,0.051,141
TEAM_A,S001,match,P006,,68.717,62.406,0.512,151
TEAM_A,S001,match,P015,2026-03-01T17:18:17,55.291,18.138,12.137,152
TEAM_A,S001,match,P010,2026-03-01T16:10:53,46.79,8.474,13.149,153
TEAM_B,S004,training,P007,2026-03-07T16:00:36,45.121,42.986,12.474,160
TEAM_B,S004,training,P018,,38.083,40.629,0.459,164
TEAM_B,S002,training,P009,2026-03-03T16:45:36,35.152,8.54,13.117,156
TEAM_A,S001,match,P012,,22.027,12.22,0.958,163
TEAM_A,S001,match,P011,2026-03-01T16:26:59,86.711,37.766,13.093,159
TEAM_A,S001,match,P008,2026-03-01T17:03:05,75.769,41.099,12.63,183
TEAM_B,S004,training,P014,2026-03-07T16:13:49,45.727,20.678,12.173,154
TEAM_A,S001,match,P015,,56.958,24.871,0.394,169
TEAM_B,S002,training,P004,2026-03-03T17:00:41,80.422,42.482,12.716,159
TEAM_B,S002,training,P014,,62.341,25.991,0.916,124
TEAM_A,S001,match,P012,,19.949,16.044,0.207,160
TEAM_B,S002,training,P015,2026-03-03T16:02:01,58.557,55.512,12.909,146
TEAM_B,S004,training,P016,,68.617,0.0,0.375,152
TEAM_A,S003,match,P016,2026-03-05T16:08:16,78.253,21.34,12.956,166
TEAM_B,S004,training,P018,2026-03-07T16:44:43,32.99,48.732,13.007,142
TEAM_B,S002,training,P002,,25.072,50.374,0.304,146
TEAM_A,S001,match,P015,2026-03-01T16:33:42,104.365,26.806,12.0,126
TEAM_A,S001,match,P014,,22.318,34.908,0.56,165
TEAM_B,S002,training,P002,,21.542,66.696,0.65,131
TEAM_B,S004,training,P003,,93.865,64.554,0.551,164
TEAM_B,S004,training,P004,2026-03-07T16:34:49,12.683,59.067,12.891,147
TEAM_A,S001,match,P011,,84.698,39.431,0.491,136
TEAM_A,S001,match,P010,2026-03-01T16:21:06,26.79,11.814,12.588,162
TEAM_A,S001,match,P018,,41.7,20.137,0.762,141
TEAM_B,S004,training,P016,2026-03-07T16:20:13,77.489,47.605,12.021,146
TEAM_A,S001,match,P013,2026-03-01T16:55:41,65.08,25.673,13.041,146
TEAM_A,S001,match,P013,,70.952,38.644,0.486,143
TEAM_B,S002,training,P010,2026-03-03T16:21:21,69.143,55.204,12.677,161
TEAM_B,S004,training,P015,,23.81,7.577,0.313,173
TEAM_A,S003,match,P008,2026-03-05T16:44:25,54.962,31.004,12.894,169
TEAM_A,S003,match,P004,2026-03-05T17:15:33,69.735,9.972,12.495,161
TEAM_A,S001,match,P017,,71.501,66.272,0.589,149
TEAM_A,S001,match,P016,,66.513,36.255,1.087,125
TEAM_A,S003,match,P012,2026-03-05T17:12:32,27.716,28.967,12.797,149
TEAM_B,S002,training,P008,,59.292,20.399,1.188,154
TEAM_A,S003,match,P007,,70.915,10.088,0.586,169
TEAM_A,S003,match,P004,,59.729,2.0,0.304,160
TEAM_B,S002,training,P001,,40.923,46.345,1.086,161
TEAM_B,S002,training,P001,,36.688,48.142,0.998,135
TEAM_B,S004,training,P003,,90.223,62.215,1.054,160
TEAM_A,S003,match,P014,2026-03-05T16:18:02,74.807,24.211,12.828,137
TEAM_A,S003,match,P005,2026-03-05T16:41:07,10.61,33.567,13.029,153
TEAM_B,S004,training,P004,,20.494,65.754,1.027,131
TEAM_B,S004,training,P003,2026-03-07T16:12:49,26.21,66.018,12.784,166
TEAM_B,S004,training,P002,2026-03-07T17:14:34,11.49,51.336,13.026,155
TEAM_B,S002,training,P009,,56.172,10.1,1.46,171
TEAM_B,S002,training,P003,,74.245,45.562,1.417,142
TEAM_B,S004,training,P002,2026-03-07T16:47:15,48.429,42.153,12.568,129
TEAM_A,S001,match,P016,,104.699,63.291,0.203,153
TEAM_A,S001,match,P018,2026-03-01T16:08:43,45.712,60.943,12.133,156
TEAM_B,S004,training,P013,,72.309,21.118,0.506,163
TEAM_B,S004,training,P005,2026-03-07T17:12:10,65.998,42.185,12.971,145
TEAM_B,S004,training,P013,2026-03-07T16:42:36,72.996,16.706,12.858,149
TEAM_A,S003,match,P014,,66.146,18.532,0.74,138
TEAM_B,S002,training,P008,2026-03-03T16:36:02,61.229,19.29,12.894,156
TEAM_B,S002,training,P010,,95.07,64.19,0.544,163
TEAM_A,S001,match,P004,2026-03-01T16:25:55,90.526,16.206,13.161,167
TEAM_B,S002,training,P006,,7.046,3.659,1.266,156
TEAM_B,S004,training,P001,,99.768,29.293,0.295,151
TEAM_B,S004,training,P001,2026-03-07T16:50:52,101.228,30.274,13.519,156
TEAM_B,S004,training,P009,,2.026,8.786,0.175,132
TEAM_A,S001,match,P008,,70.015,43.728,0.685,147
TEAM_A,S003,match,P004,,49.607,11.166,0.351,156
TEAM_B,S004,training,P016,,68.977,29.537,0.123,146
TEAM_A,S003,match,P012,2026-03-05T16:09:27,80.531,8.41,12.159,158
TEAM_A,S003,match,P015,,66.882,47.873,0.438,148
TEAM_A,S003,match,P010,2026-03-05T17:18:21,58.231,11.825,12.78,159
TEAM_A,S001,match,P005,2026-03-01T16:16:11,24.642,20.746,13.268,169
TEAM_A,S001,match,P011,2026-03-01T16:30:53,75.407,39.655,12.806,134
TEAM_B,S004,training,P009,2026-03-07T17:07:41,4.87,30.702,12.696,146
TEAM_A,S001,match,P010,2026-03-01T16:08:05,62.835,13.406,12.703,141
TEAM_B,S002,training,P007,2026-03-03T16:17:06,63.121,55.775,12.512,136
TEAM_B,S002,training,P004,,70.891,51.989,0.666,162
TEAM_B,S004,training,P006,,14.297,65.923,0.717,151
TEAM_A,S003,match,P004,2026-03-05T16:17:28,36.954,12.554,12.874,139
TEAM_A,S001,match,P010,2026-03-01T17:11:53,3.952,14.441,12.972,135
TEAM_B,S004,training,P015,,24.738,17.867,0.299,165
TEAM_B,S004,training,P009,2026-03-07T16:34:27,6.512,27.669,12.914,140
TEAM_A,S003,match,P011,2026-03-05T16:09:51,50.316,55.114,13.472,154
TEAM_B,S002,training,P007,2026-03-03T17:13:19,68.836,60.339,12.876,151
TEAM_A,S001,match,P007,,40.711,35.521,1.254,159
TEAM_B,S004,training,P005,,59.895,46.938,0.856,172
TEAM_A,S001,match,P017,,41.026,55.383,0.799,142
TEAM_A,S001,match,P008,,71.081,42.205,0.845,142
TEAM_B,S004,training,P006,2026-03-07T16:33:57,15.242,46.712,12.845,149
TEAM_B,S004,training,P011,2026-03-07T16:28:46,69.464,24.022,13.031,151
TEAM_B,S004,training,P007,,22.148,26.5,1.44,147
TEAM_A,S001,match,P018,,40.889,19.746,1.19,158
TEAM_B,S004,training,P012,2026-03-07T16:48:57,91.64,63.68,12.888,133
TEAM_B,S004,training,P004,2026-03-07T16:09:21,36.343,40.173,12.76,132
TEAM_B,S004,training,P016,2026-03-07T16:38:31,70.239,10.939,12.082,134
TEAM_A,S003,match,P003,,88.469,55.279,1.125,145
TEAM_A,S001,match,P017,,57.855,35.706,0.544,150
TEAM_B,S004,training,P014,,32.879,9.42,1.747,148
TEAM_B,S002,training,P017,2026-03-03T16:35:17,66.411,37.978,12.57,154
TEAM_A,S001,match,P014,,46.81,62.111,1.234,140
TEAM_A,S003,match,P018,2026-03-05T16:03:18,66.85,23.367,13.203,135
TEAM_B,S004,training,P016,,79.612,44.927,0.068,147
TEAM_A,S003,match,P008,2026-03-05T16:48:11,43.814,28.923,13.055,141
TEAM_A,S003,match,P009,2026-03-05T16:46:37,42.486,61.091,13.118,146
TEAM_A,S003,match,P016,,66.791,4.997,0.917,169
TEAM_B,S004,training,P017,,31.879,51.864,0.926,161
TEAM_A,S001,match,P011,,103.089,22.07,0.375,172
TEAM_A,S003,match,P015,2026-03-05T16:42:33,97.551,45.581,12.59,151
TEAM_A,S003,match,P005,2026-03-05T16:17:40,2.916,16.153,12.543,160
TEAM_B,S004,training,P008,2026-03-07T16:22:28,49.066,7.298,13.135,153
TEAM_B,S002,training,P009,,19.702,1.447,0.489,156
TEAM_B,S004,training,P009,2026-03-07T16:00:17,29.933,3.356,12.933,152
TEAM_B,S004,training,P015,,13.818,9.84,0.725,157
TEAM_A,S001,match,P010,2026-03-01T17:18:56,12.907,11.036,12.992,137
TEAM_B,S004,training,P018,2026-03-07T16:42:00,39.352,38.523,13.208,150
TEAM_A,S001,match,P009,,54.523,10.73,0.951,150
TEAM_B,S004,training,P008,2026-03-07T16:45:49,34.747,37.033,12.907,142
TEAM_A,S003,match,P002,,26.32,20.075,0.933,137
TEAM_A,S001,match,P004,,75.937,50.121,1.053,144
TEAM_A,S001,match,P007,,10.526,65.483,0.692,148
TEAM_A,S001,match,P010,2026-03-01T16:07:11,60.986,7.075,13.03,147
TEAM_A,S003,match,P015,,104.289,23.371,0.983,156
TEAM_A,S003,match,P014,2026-03-05T17:02:45,93.474,36.358,12.897,141
TEAM_B,S002,training,P016,2026-03-03T16:39:40,5.444,62.388,12.528,147
TEAM_A,S001,match,P018,,73.232,0.455,0.793,149
TEAM_A,S001,match,P001,,66.642,23.237,0.814,160
TEAM_B,S004,training,P015,2026-03-07T16:40:31,10.448,12.283,12.801,160
TEAM_B,S004,training,P017,,62.4,64.837,0.341,135
TEAM_A,S003,match,P005,2026-03-05T16:49:47,10.244,11.198,13.185,156
TEAM_B,S002,training,P017,,94.063,18.366,0.67,141
TEAM_A,S001,match,P008,,91.845,34.311,1.162,155
TEAM_A,S001,match,P015,,67.064,14.217,1.243,134
TEAM_B,S004,training,P002,2026-03-07T16:14:28,37.289,59.861,12.893,155
TEAM_B,S004,training,P011,,67.76,10.834,1.517,167
TEAM_B,S004,training,P007,,50.07,30.283,0.763,143
TEAM_B,S002,training,P003,2026-03-03T17:09:11,89.616,42.996,12.128,161
TEAM_B,S002,training,P012,2026-03-03T17:03:42,38.757,33.492,13.215,152
TEAM_A,S001,match,P016,,63.396,32.858,1.065,152
TEAM_B,S004,training,P008,,48.332,27.023,0.832,165
TEAM_A,S001,match,P003,2026-03-01T17:05:37,8.532,38.57,13.015,159
TEAM_A,S001,match,P007,,12.817,0.562,0.569,165
TEAM_A,S003,match,P011,2026-03-05T17:05:21,61.723,61.035,12.212,155
TEAM_B,S004,training,P017,,91.571,39.862,0.633,141
TEAM_B,S004,training,P011,,70.597,37.357,0.432,152
TEAM_A,S003,match,P017,2026-03-05T17:07:54,73.238,3.895,13.909,140
TEAM_A,S001,match,P007,,18.393,19.358,1.101,167
TEAM_A,S001,match,P013,2026-03-01T17:07:37,45.924,43.144,13.569,156
TEAM_B,S004,training,P006,,6.984,29.432,0.314,129
TEAM_A,S001,match,P014,,65.053,66.575,0.748,122
TEAM_B,S004,training,P008,,19.524,26.35,0.511,160
TEAM_B,S002,training,P016,,33.784,32.968,1.297,145
TEAM_B,S004,training,P018,2026-03-07T16:26:38,57.54,35.152,12.79,146
TEAM_A,S001,match,P008,2026-03-01T16:34:57,103.954,42.519,13.512,136
TEAM_B,S004,training,P006,,15.489,56.651,0.36,164
TEAM_A,S003,match,P005,2026-03-05T16:36:27,19.499,35.493,13.412,146
TEAM_B,S004,training,P003,2026-03-07T16:36:43,26.294,54.651,12.985,143
TEAM_A,S003,match,P004,,76.416,9.83,0.762,168
TEAM_A,S001,match,P007,2026-03-01T16:20:14,9.04,27.457,12.764,131
TEAM_B,S004,training,P001,,104.314,56.072,0.936,138
TEAM_B,S002,training,P018,2026-03-03T16:27:53,39.822,15.63,12.772,145
TEAM_A,S003,match,P013,2026-03-05T16:08:25,60.058,37.407,12.566,152
TEAM_A,S003,match,P013,,67.891,11.845,0.848,142
TEAM_A,S003,match,P009,,80.096,45.147,0.806,133
TEAM_A,S001,match,P006,,72.402,37.059,1.065,135
TEAM_B,S004,training,P005,2026-03-07T17:10:42,69.229,48.328,13.075,145
TEAM_A,S003,match,P013,,86.52,10.715,1.131,179
TEAM_B,S004,training,P005,2026-03-07T16:36:27,43.826,40.352,13.333,129
TEAM_A,S001,match,P009,2026-03-01T16:02:36,19.029,30.468,12.537,144
TEAM_A,S001,match,P010,,15.928,4.235,1.358,136
TEAM_B,S004,training,P017,,80.54,49.756,1.01,151
TEAM_A,S001,match,P006,,87.513,60.57,1.214,161
TEAM_A,S003,match,P008,,64.446,33.689,1.441,150
TEAM_B,S002,training,P014,,89.11,44.57,0.349,139
TEAM_A,S003,match,P018,,71.373,1.981,0.807,148
TEAM_A,S001,match,P009,,40.356,9.81,0.933,130
TEAM_B,S004,training,P001,2026-03-07T16:24:19,95.197,58.596,12.515,141
TEAM_A,S001,match,P010,,58.798,6.599,0.922,145
TEAM_A,S001,match,P006,,90.336,48.94,0.733,152
TEAM_A,S001,match,P009,2026-03-01T16:43:15,44.992,7.549,13.038,150
TEAM_B,S004,training,P010,,84.674,66.739,0.886,169
TEAM_B,S002,training,P010,2026-03-03T16:06:47,58.492,26.399,12.697,151
TEAM_A,S003,match,P016,2026-03-05T16:10:48,74.783,23.298,12.903,138
TEAM_A,S003,match,P001,2026-03-05T16:23:11,1.188,20.419,12.483,149
TEAM_A,S003,match,P015,,82.375,39.538,0.205,154
TEAM_B,S002,training,P017,,45.962,18.106,0.341,153
TEAM_B,S002,training,P017,2026-03-03T16:34:50,69.788,35.476,12.5,147
TEAM_A,S003,match,P016,2026-03-05T17:08:31,77.697,2.843,12.57,157
TEAM_B,S004,training,P018,2026-03-07T16:33:59,45.747,34.215,12.871,135
TEAM_A,S003,match,P009,2026-03-05T17:21:05,86.234,43.81,12.49,155
TEAM_B,S002,training,P008,2026-03-03T16:34:19,54.208,8.936,12.106,169
TEAM_B,S002,training,P010,,74.498,52.509,0.805,128
TEAM_B,S004,training,P010,2026-03-07T16:57:04,96.925,49.458,12.507,138
TEAM_A,S003,match,P007,2026-03-05T16:03:23,82.427,47.119,12.238,153
TEAM_A,S001,match,P007,2026-03-01T16:06:38,0.099,8.329,12.567,167
TEAM_B,S004,training,P001,,104.177,53.641,1.308,153
TEAM_B,S002,training,P002,,27.382,49.642,1.751,158
TEAM_A,S001,match,P004,2026-03-01T16:43:23,75.259,51.678,13.392,145
TEAM_A,S001,match,P004,2026-03-01T17:29:46,6.307,49.652,13.021,147
TEAM_A,S001,match,P014,2026-03-01T16:49:15,21.81,63.778,12.724,151
TEAM_A,S003,match,P009,,58.192,41.989,0.963,154
TEAM_A,S001,match,P005,2026-03-01T16:21:06,32.279,6.12,13.399,152
TEAM_B,S002,training,P010,,60.279,43.984,0.971,152
TEAM_A,S003,match,P002,,18.775,26.022,0.763,137
TEAM_B,S004,training,P009,2026-03-07T16:12:44,0.971,7.113,13.17,135
TEAM_A,S003,match,P017,,66.755,13.362,0.677,140
TEAM_A,S003,match,P004,2026-03-05T17:25:02,68.229,12.156,12.638,149
TEAM_A,S001,match,P009,2026-03-01T17:01:59,63.423,23.699,12.921,149
TEAM_B,S004,training,P001,2026-03-07T16:42:03,93.228,30.427,12.175,162
TEAM_B,S004,training,P015,,56.195,15.8,1.245,144
TEAM_A,S001,match,P015,2026-03-01T16:45:30,81.86,15.3,12.576,153
TEAM_A,S001,match,P009,,61.715,15.777,0.96,149
TEAM_B,S002,training,P010,2026-03-03T17:09:16,84.878,56.188,12.74,152
TEAM_A,S001,match,P005,,23.724,44.045,1.154,157
TEAM_A,S001,match,P008,,99.895,21.94,1.173,158
TEAM_B,S004,training,P018,2026-03-07T16:04:45,45.129,29.756,12.922,139
TEAM_A,S003,match,P009,2026-03-05T16:06:33,80.455,51.999,12.775,144
TEAM_B,S002,training,P015,2026-03-03T16:11:01,69.561,45.635,13.01,169
TEAM_A,S003,match,P001,,0.79,21.555,0.461,173
TEAM_B,S004,training,P002,,31.291,31.171,0.91,146
TEAM_B,S002,training,P006,,6.71,0.148,0.325,137
TEAM_B,S002,training,P010,,88.009,43.549,1.459,152
TEAM_A,S001,match,P006,,79.841,56.447,0.61,141
TEAM_A,S003,match,P016,2026-03-05T16:54:50,100.383,7.919,13.367,148
TEAM_B,S004,training,P016,,80.556,47.835,0.986,142
TEAM_A,S001,match,P015,,66.095,2.176,0.61,153
TEAM_A,S001,match,P009,,57.044,15.679,1.052,157
TEAM_A,S001,match,P004,,97.605,5.219,0.876,156
TEAM_A,S001,match,P013,,74.243,46.785,1.112,147
TEAM_B,S004,training,P016,2026-03-07T16:54:36,73.376,9.553,12.916,142
TEAM_A,S003,match,P015,2026-03-05T16:01:59,72.718,40.895,12.516,144
TEAM_B,S002,training,P016,,35.935,33.172,0.768,149
TEAM_A,S003,match,P002,,32.274,7.741,0.634,133
TEAM_B,S002,training,P009,,43.243,9.37,0.934,152
TEAM_A,S003,match,P018,2026-03-05T16:25:51,77.501,32.602,12.565,126
TEAM_B,S002,training,P016,2026-03-03T16:15:12,32.406,34.847,12.369,134
TEAM_A,S001,match,P013,,75.063,40.945,0.437,181
TEAM_A,S001,match,P004,2026-03-01T16:24:35,90.776,15.781,12.054,168
TEAM_A,S001,match,P007,2026-03-01T16:20:09,10.011,25.297,12.864,147
TEAM_B,S002,training,P010,2026-03-03T16:26:37,83.671,56.884,12.862,153
TEAM_B,S004,training,P015,,40.572,18.472,0.906,165
TEAM_B,S004,training,P015,2026-03-07T16:53:47,3.044,11.543,12.298,135
TEAM_A,S001,match,P016,,50.749,14.9,1.104,152
TEAM_A,S001,match,P008,,103.667,46.374,0.0,150
TEAM_A,S003,match,P018,2026-03-05T17:29:50,104.098,64.38,12.663,155
TEAM_B,S002,training,P007,,71.153,38.863,1.794,148
TEAM_B,S002,training,P011,2026-03-03T16:11:45,22.953,0.434,12.54,135
TEAM_A,S001,match,P016,2026-03-01T16:34:54,80.859,67.919,12.063,132
TEAM_B,S004,training,P013,2026-03-07T16:54:23,71.763,7.714,12.576,148
TEAM_B,S002,training,P014,,70.26,28.844,0.37,144
TEAM_B,S002,training,P006,,15.682,5.049,0.423,142
TEAM_B,S004,training,P003,,16.707,49.891,1.419,148
TEAM_A,S003,match,P008,,55.155,9.627,0.471,152
TEAM_B,S004,training,P017,,57.348,57.012,0.226,155
TEAM_A,S001,match,P004,,92.22,22.534,0.651,135
TEAM_B,S004,training,P012,2026-03-07T16:02:49,52.062,21.809,12.802,159
TEAM_B,S002,training,P004,2026-03-03T16:11:50,73.056,39.02,12.888,155
TEAM_A,S003,match,P015,2026-03-05T16:11:23,104.414,42.441,12.815,135
TEAM_B,S002,training,P009,,57.809,1.88,1.07,166
TEAM_B,S004,training,P002,,30.547,59.301,1.188,150
TEAM_B,S004,training,P005,2026-03-07T16:51:17,65.057,48.729,12.696,151
TEAM_B,S004,training,P002,,29.807,36.837,0.72,148
TEAM_A,S001,match,P001,2026-03-01T17:19:17,65.546,15.904,13.326,136
TEAM_B,S002,training,P005,,101.8,38.858,0.498,165
TEAM_B,S004,training,P006,,1.319,40.961,1.22,154
TEAM_A,S003,match,P014,,101.074,66.558,1.121,144
TEAM_B,S002,training,P009,2026-03-03T17:00:27,17.776,0.468,12.861,164
TEAM_A,S001,match,P007,,11.03,5.423,0.727,149
TEAM_B,S002,training,P013,2026-03-03T16:32:07,49.476,18.123,12.738,168
TEAM_A,S001,match,P002,2026-03-01T16:48:42,68.047,25.439,12.808,151
TEAM_A,S001,match,P017,2026-03-01T17:06:27,60.747,25.156,13.114,141
TEAM_A,S003,match,P006,,69.609,22.742,0.78,162
TEAM_B,S002,training,P004,,79.679,29.656,0.523,164
TEAM_A,S003,match,P007,2026-03-05T16:38:38,70.763,8.021,12.663,161
TEAM_A,S001,match,P010,,31.543,4.756,0.848,152
TEAM_B,S004,training,P009,2026-03-07T16:18:27,1.005,4.086,12.0,139
TEAM_A,S001,match,P013,,87.415,50.039,1.285,165
TEAM_B,S004,training,P004,2026-03-07T16:37:42,20.63,58.553,12.841,158
TEAM_B,S004,training,P012,2026-03-07T16:16:34,60.405,57.804,12.009,156
TEAM_B,S004,training,P009,,22.162,0.913,0.641,143
TEAM_A,S001,match,P016,,44.203,34.48,1.253,136
TEAM_B,S002,training,P003,,77.56,48.744,0.611,127
TEAM_A,S001,match,P016,2026-03-01T16:48:23,77.409,39.483,13.881,144
TEAM_B,S004,training,P012,2026-03-07T16:41:16,75.204,67.696,12.394,169
TEAM_B,S004,training,P012,,96.991,68.0,1.099,131
TEAM_B,S002,training,P002,,50.53,58.154,0.845,150
TEAM_B,S004,training,P007,2026-03-07T16:22:39,31.777,18.264,13.392,154
TEAM_B,S002,training,P015,,60.036,49.161,1.172,152
TEAM_A,S003,match,P005,,13.611,18.732,1.055,135
TEAM_A,S001,match,P013,,48.196,42.892,1.061,131
TEAM_A,S001,match,P006,2026-03-01T16:09:35,34.102,23.95,12.598,156
TEAM_A,S003,match,P016,2026-03-05T16:35:44,82.214,1.254,12.598,141
TEAM_B,S004,training,P006,,14.355,68.0,1.314,147
TEAM_A,S001,match,P013,,45.461,41.249,0.709,167
TEAM_A,S001,match,P010,2026-03-01T16:32:47,13.053,0.82,12.504,152
TEAM_A,S003,match,P003,,70.839,48.24,1.046,160
TEAM_B,S004,training,P014,2026-03-07T16:49:00,49.163,15.236,12.569,152
TEAM_A,S003,match,P012,2026-03-05T17:13:09,23.918,29.689,12.864,135
TEAM_A,S001,match,P013,2026-03-01T17:04:35,52.848,35.551,12.721,147
TEAM_A,S003,match,P001,,5.842,9.347,1.22,144
TEAM_B,S002,training,P005,,94.923,37.673,1.115,167
TEAM_B,S002,training,P013,2026-03-03T17:04:04,34.745,37.032,13.196,133
TEAM_B,S004,training,P014,,44.965,30.444,1.086,141
TEAM_A,S001,match,P014,,24.109,53.688,0.664,143
TEAM_A,S001,match,P018,2026-03-01T16:44:43,43.283,19.702,13.29,154
TEAM_B,S004,training,P018,2026-03-07T16:52:37,35.094,53.916,12.721,146
TEAM_B,S004,training,P017,,54.213,51.525,1.5,161
TEAM_B,S004,training,P013,,73.377,4.444,0.42,137
TEAM_B,S002,training,P006,2026-03-03T16:51:59,19.091,22.527,12.203,149
TEAM_A,S001,match,P008,2026-03-01T17:01:33,80.001,44.14,12.458,143
TEAM_A,S003,match,P004,,75.377,3.747,1.139,146
TEAM_A,S001,match,P004,2026-03-01T17:07:31,37.002,39.73,12.859,141
TEAM_A,S003,match,P006,,66.58,24.364,0.579,136
TEAM_B,S002,training,P016,,20.824,50.433,0.758,153
TEAM_A,S003,match,P017,,79.184,35.689,0.494,149
TEAM_A,S003,match,P009,,58.257,61.534,0.431,157
TEAM_B,S004,training,P008,,5.076,12.528,0.888,146
TEAM_B,S004,training,P005,2026-03-07T16:35:34,47.166,36.139,12.767,148
TEAM_B,S002,training,P003,2026-03-03T16:13:37,62.338,40.707,13.411,150
TEAM_B,S004,training,P001,2026-03-07T17:01:02,99.379,5.994,12.343,146
TEAM_A,S001,match,P018,,33.801,56.423,1.357,154
TEAM_A,S003,match,P010,,36.087,20.562,1.11,150
TEAM_B,S002,training,P016,2026-03-03T16:56:53,18.502,60.991,12.913,145
TEAM_B,S002,training,P015,,99.098,60.451,1.058,142
TEAM_B,S004,training,P009,,5.079,8.676,0.932,146
TEAM_B,S004,training,P013,2026-03-07T16:59:34,67.21,20.892,12.916,168
TEAM_A,S003,match,P010,,51.241,0.722,0.028,123
TEAM_B,S004,training,P015,2026-03-07T16:30:24,20.373,14.225,12.0,151
TEAM_B,S004,training,P004,2026-03-07T16:58:53,54.952,41.837,13.222,142
TEAM_A,S001,match,P013,2026-03-01T17:29:52,49.403,59.653,12.555,157
TEAM_B,S002,training,P007,2026-03-03T17:05:53,59.375,41.826,12.178,136
TEAM_A,S003,match,P001,2026-03-05T16:28:31,4.77,8.448,12.818,159
TEAM_B,S004,training,P009,,16.567,47.522,0.048,148
TEAM_A,S001,match,P016,,52.055,15.319,1.447,161
TEAM_A,S001,match,P006,2026-03-01T17:16:41,83.742,61.841,12.432,136
TEAM_A,S001,match,P013,2026-03-01T16:09:22,81.668,39.05,12.396,143
TEAM_B,S004,training,P018,,27.824,66.589,1.311,142
TEAM_A,S001,match,P006,2026-03-01T16:46:32,104.905,46.198,12.959,156
TEAM_B,S002,training,P018,,52.122,0.0,0.689,149
TEAM_A,S003,match,P015,2026-03-05T16:29:48,97.96,34.509,12.0,171
TEAM_A,S003,match,P006,2026-03-05T17:24:24,70.682,48.623,13.033,128
TEAM_A,S001,match,P015,,49.752,18.664,1.664,145
TEAM_B,S002,training,P003,2026-03-03T16:19:18,62.47,56.772,12.168,163
TEAM_B,S002,training,P005,2026-03-03T17:00:34,103.621,26.888,12.957,141
TEAM_B,S002,training,P016,,22.832,66.284,0.762,159
TEAM_A,S003,match,P001,2026-03-05T17:21:35,31.407,14.151,12.372,150
TEAM_A,S003,match,P013,,69.975,45.98,0.924,145
TEAM_A,S001,match,P010,,39.862,15.118,0.602,158
TEAM_A,S001,match,P004,2026-03-01T16:42:22,80.379,54.044,12.199,135
TEAM_A,S003,match,P005,2026-03-05T17:05:21,1.943,14.832,12.565,143
TEAM_A,S001,match,P005,2026-03-01T16:23:57,18.742,5.019,13.012,132
TEAM_B,S002,training,P005,,96.7,26.389,0.838,147
TEAM_A,S001,match,P002,2026-03-01T16:05:35,47.23,7.054,12.675,144
TEAM_B,S002,training,P006,,31.576,11.723,1.281,154
TEAM_B,S004,training,P009,,29.847,51.084,0.483,161
TEAM_A,S001,match,P015,2026-03-01T16:49:19,66.403,9.338,12.76,138
TEAM_A,S001,match,P010,,1.573,5.145,0.566,139
TEAM_A,S003,match,P007,2026-03-05T17:28:41,76.229,17.945,13.04,163
TEAM_A,S003,match,P006,2026-03-05T16:34:14,71.914,15.539,13.069,143
TEAM_B,S004,training,P016,2026-03-07T16:14:25,62.49,63.652,13.292,157
TEAM_A,S003,match,P015,,80.14,38.429,0.685,157
TEAM_B,S002,training,P013,2026-03-03T16:46:51,61.153,26.729,13.04,138
TEAM_B,S004,training,P011,2026-03-07T16:00:36,50.813,10.005,12.882,149
TEAM_A,S003,match,P009,,88.307,49.24,1.04,145
TEAM_B,S004,training,P001,2026-03-07T16:35:37,100.776,52.545,13.246,143
TEAM_A,S003,match,P009,2026-03-05T16:09:37,94.072,42.109,12.948,157
TEAM_A,S003,match,P018,2026-03-05T16:54:59,103.196,58.627,12.973,139
TEAM_A,S001,match,P016,2026-03-01T16:13:32,98.406,65.312,12.934,167
TEAM_A,S003,match,P018,,101.552,65.279,0.715,167
TEAM_A,S003,match,P011,2026-03-05T17:19:58,51.034,38.287,12.515,157
TEAM_B,S002,training,P001,2026-03-03T17:08:27,35.023,63.059,13.533,156
TEAM_B,S002,training,P006,,29.973,19.247,0.196,136
TEAM_A,S003,match,P003,,87.175,55.465,0.439,145
TEAM_B,S002,training,P003,2026-03-03T16:11:45,69.284,38.99,13.062,165
TEAM_B,S004,training,P001,2026-03-07T17:03:05,102.878,6.198,12.606,146
TEAM_B,S002,training,P014,2026-03-03T17:09:07,84.494,45.133,13.326,162
TEAM_B,S002,training,P015,,89.194,66.006,0.453,147
TEAM_A,S001,match,P010,,22.055,1.043,0.748,144
TEAM_B,S004,training,P001,2026-03-07T17:04:28,100.411,5.095,13.11,152
TEAM_A,S003,match,P016,2026-03-05T17:11:21,64.182,0.702,13.008,154
TEAM_A,S003,match,P008,,64.075,18.651,1.304,157
TEAM_B,S004,training,P001,2026-03-07T16:18:48,97.119,65.316,13.233,133
TEAM_A,S003,match,P003,2026-03-05T16:30:30,76.339,53.127,13.386,180
TEAM_A,S003,match,P014,2026-03-05T16:17:24,76.249,19.954,13.081,155
TEAM_A,S003,match,P005,2026-03-05T16:20:07,5.508,14.511,12.628,163
TEAM_A,S001,match,P002,2026-03-01T16:17:19,38.388,9.171,13.125,152
TEAM_A,S001,match,P010,2026-03-01T16:28:56,1.124,0.0,13.215,126
TEAM_A,S003,match,P006,2026-03-05T17:20:33,68.187,59.114,12.697,160
TEAM_B,S004,training,P012,2026-03-07T16:28:04,87.165,59.719,12.0,156
TEAM_A,S001,match,P015,,50.998,28.057,0.874,151
TEAM_A,S003,match,P001,2026-03-05T16:18:45,10.902,11.192,12.148,129
TEAM_B,S002,training,P017,,95.653,16.947,0.606,166
TEAM_B,S002,training,P002,2026-03-03T16:29:08,59.017,67.071,13.176,149
TEAM_A,S001,match,P018,2026-03-01T16:07:03,33.887,59.86,12.919,141
TEAM_B,S002,training,P005,,104.674,36.198,0.864,163
TEAM_A,S003,match,P017,,87.965,41.906,1.227,145
TEAM_A,S003,match,P006,2026-03-05T17:19:42,63.901,63.152,12.537,158
TEAM_A,S003,match,P014,2026-03-05T16:07:34,67.613,20.8,12.601,148
TEAM_B,S002,training,P015,2026-03-03T16:06:35,59.064,46.829,12.357,138
TEAM_B,S002,training,P003,2026-03-03T16:46:07,74.863,65.621,12.06,159
TEAM_B,S002,training,P011,2026-03-03T16:44:21,20.908,29.388,12.647,157
TEAM_A,S003,match,P015,2026-03-05T16:06:43,83.142,41.559,13.294,153
TEAM_A,S001,match,P007,2026-03-01T16:36:57,10.717,60.446,13.131,136
TEAM_B,S002,training,P001,,50.788,47.208,1.193,152
TEAM_B,S002,training,P003,,68.932,34.637,0.84,137
TEAM_B,S004,training,P007,,18.386,22.297,1.053,157
TEAM_B,S002,training,P014,2026-03-03T16:53:38,96.474,21.998,13.09,145
TEAM_B,S004,training,P018,2026-03-07T16:29:01,48.625,39.679,12.585,153
TEAM_B,S002,training,P005,2026-03-03T16:22:19,89.38,28.358,12.779,159
TEAM_A,S003,match,P011,,50.467,38.737,0.631,169
TEAM_B,S002,training,P011,,16.032,20.855,1.084,149
TEAM_B,S004,training,P004,,75.358,49.122,0.482,143
TEAM_A,S001,match,P018,,41.976,30.695,0.844,150
TEAM_A,S003,match,P009,2026-03-05T16:07:22,77.986,52.706,13.029,145
TEAM_B,S004,training,P012,2026-03-07T16:03:46,53.268,19.213,12.977,135
TEAM_B,S004,training,P015,,7.039,2.681,1.008,139
TEAM_A,S001,match,P011,2026-03-01T17:17:47,90.582,65.897,13.467,144
TEAM_A,S001,match,P013,2026-03-01T16:34:54,72.646,50.701,13.027,140
TEAM_A,S003,match,P013,,46.971,28.408,0.634,171
TEAM_B,S002,training,P013,2026-03-03T16:22:58,46.273,39.154,12.578,131
TEAM_B,S002,training,P011,,9.069,17.384,0.655,142
TEAM_A,S003,match,P003,2026-03-05T17:19:50,93.145,54.609,12.411,146
TEAM_B,S002,training,P017,,80.097,20.36,1.138,150
TEAM_A,S003,match,P005,,0.0,13.002,1.264,126
TEAM_B,S002,training,P009,2026-03-03T16:50:07,25.977,3.001,13.228,146
TEAM_B,S004,training,P004,,31.17,67.078,0.124,133
TEAM_B,S004,training,P018,,36.378,45.165,0.411,157
TEAM_B,S002,training,P009,,52.749,20.272,0.418,131
TEAM_B,S004,training,P016,,81.909,17.757,1.137,145
TEAM_A,S001,match,P015,,34.92,32.378,0.536,157
TEAM_B,S002,training,P004,2026-03-03T16:01:06,84.748,29.346,12.64,155
TEAM_A,S003,match,P014,2026-03-05T16:12:11,67.179,12.128,12.036,164
TEAM_A,S001,match,P009,,33.482,15.787,0.942,162
TEAM_B,S002,training,P002,,65.103,57.132,0.294,180
TEAM_A,S001,match,P004,,91.351,16.903,0.7,144
TEAM_B,S002,training,P008,,50.553,24.743,0.302,140
TEAM_B,S004,training,P002,2026-03-07T16:36:32,21.421,33.528,12.42,161
TEAM_A,S001,match,P008,2026-03-01T16:23:00,96.039,31.961,13.551,157
TEAM_A,S001,match,P007,,10.183,3.126,1.578,161
TEAM_B,S002,training,P018,,40.433,23.404,0.779,152
TEAM_B,S002,training,P005,2026-03-03T17:08:18,99.274,32.163,12.966,142
TEAM_B,S004,training,P004,2026-03-07T16:46:34,44.11,61.112,12.609,140
TEAM_A,S001,match,P015,2026-03-01T16:17:00,67.073,43.986,12.778,153
TEAM_B,S004,training,P010,2026-03-07T17:01:44,89.293,56.7,12.898,150
TEAM_B,S004,training,P002,,49.391,31.672,1.58,138
TEAM_B,S002,training,P015,,98.925,65.278,0.546,154
TEAM_B,S004,training,P002,,24.534,52.68,1.23,143
TEAM_B,S002,training,P013,2026-03-03T16:29:24,33.429,37.719,12.946,162
TEAM_A,S001,match,P014,,89.978,66.767,0.48,152
TEAM_B,S002,training,P005,2026-03-03T16:38:27,91.241,29.212,12.996,152
TEAM_B,S002,training,P005,2026-03-03T16:00:25,80.043,10.901,13.475,152
TEAM_B,S004,training,P002,,30.502,47.106,0.835,149
TEAM_B,S004,training,P017,,39.003,59.069,0.025,145
TEAM_A,S003,match,P004,2026-03-05T17:02:58,74.966,2.288,12.188,160
TEAM_B,S004,training,P017,2026-03-07T16:43:02,55.034,56.862,12.621,156
TEAM_A,S001,match,P011,2026-03-01T16:56:30,93.283,36.504,12.56,141
TEAM_A,S003,match,P013,,58.125,35.538,1.255,146
TEAM_B,S004,training,P008,,24.201,27.311,0.668,140
TEAM_B,S004,training,P010,,94.972,48.366,0.358,161
TEAM_A,S003,match,P009,2026-03-05T17:22:49,95.567,46.882,12.537,155
TEAM_A,S001,match,P018,2026-03-01T16:18:25,44.341,62.881,12.997,157
TEAM_B,S004,training,P005,,32.733,26.422,0.759,155
TEAM_A,S003,match,P009,,34.702,64.384,0.421,155
TEAM_B,S004,training,P015,,1.401,3.254,0.814,153
TEAM_A,S003,match,P009,2026-03-05T16:24:30,61.094,63.383,13.012,170
TEAM_A,S001,match,P006,,72.942,37.809,0.849,152
TEAM_B,S002,training,P004,2026-03-03T16:57:56,78.635,39.139,12.887,139
TEAM_B,S002,training,P008,2026-03-03T17:06:11,66.835,2.266,13.486,158
TEAM_A,S003,match,P009,2026-03-05T17:15:55,59.556,42.297,12.638,137
TEAM_B,S002,training,P013,2026-03-03T16:21:02,42.405,45.207,13.065,164
TEAM_A,S003,match,P011,2026-03-05T16:03:19,65.93,45.882,13.803,153
TEAM_A,S003,match,P011,,66.323,49.143,0.593,145
TEAM_A,S001,match,P007,2026-03-01T17:07:41,29.583,44.438,13.08,118
TEAM_A,S001,match,P015,,69.995,50.921,0.537,131
TEAM_B,S004,training,P012,2026-03-07T16:00:52,53.901,21.112,12.631,156
TEAM_B,S004,training,P004,,52.052,56.787,1.029,149
TEAM_B,S002,training,P005,,90.467,25.748,0.537,133
TEAM_A,S003,match,P005,,12.243,18.127,0.901,123
TEAM_B,S004,training,P004,,4.6,61.874,1.065,153
TEAM_B,S002,training,P008,2026-03-03T16:27:51,44.418,17.226,13.101,147
TEAM_A,S003,match,P017,2026-03-05T16:35:03,85.525,35.896,12.181,148
TEAM_B,S002,training,P009,2026-03-03T16:29:09,43.007,0.854,12.318,150
TEAM_A,S001,match,P017,,56.656,36.21,1.308,135
TEAM_B,S004,training,P015,2026-03-07T16:13:59,48.309,5.097,12.211,141
TEAM_B,S002,training,P015,,58.606,47.846,0.299,137
TEAM_A,S003,match,P005,,8.816,2.197,0.828,147
TEAM_A,S001,match,P012,,4.613,38.433,0.757,164
TEAM_A,S001,match,P016,2026-03-01T17:05:36,53.047,33.165,12.74,147
TEAM_B,S004,training,P018,,39.493,42.969,0.272,150
TEAM_B,S004,training,P003,,55.878,59.006,1.174,144
TEAM_A,S001,match,P014,,17.753,60.493,0.917,152
TEAM_A,S001,match,P010,2026-03-01T16:53:26,20.203,9.496,12.301,161
TEAM_A,S001,match,P017,,27.243,65.137,0.514,168
TEAM_B,S004,training,P001,2026-03-07T16:19:56,88.396,60.907,13.073,160
TEAM_B,S002,training,P018,2026-03-03T16:36:17,18.137,19.02,12.559,165
TEAM_A,S003,match,P001,,0.565,17.942,1.34,149
TEAM_A,S003,match,P011,,48.202,38.73,1.09,128
TEAM_B,S004,training,P012,2026-03-07T16:10:21,55.353,48.92,13.471,164
TEAM_B,S004,training,P005,,33.324,38.96,0.399,149
TEAM_A,S003,match,P015,,97.807,40.457,0.348,130
TEAM_B,S002,training,P008,2026-03-03T16:18:07,49.074,17.456,13.041,146
TEAM_A,S003,match,P017,2026-03-05T16:46:04,90.858,40.277,12.959,141
TEAM_A,S003,match,P018,2026-03-05T17:09:43,94.141,54.23,12.408,160
TEAM_A,S003,match,P005,,7.605,32.874,0.392,133
TEAM_B,S004,training,P012,,92.609,59.444,0.776,137
TEAM_A,S001,match,P010,2026-03-01T17:19:02,13.434,9.722,12.376,156
TEAM_A,S001,match,P011,2026-03-01T17:05:51,66.841,50.979,12.754,129
TEAM_B,S004,training,P002,,42.657,37.641,0.49,143
TEAM_A,S001,match,P010,2026-03-01T16:22:34,14.984,8.014,12.871,143
TEAM_A,S001,match,P017,2026-03-01T16:52:13,26.836,60.238,12.696,136
TEAM_B,S002,training,P008,2026-03-03T16:49:17,61.203,7.671,12.716,137
TEAM_A,S003,match,P016,2026-03-05T16:22:26,91.078,0.95,12.334,149
TEAM_A,S001,match,P013,,71.964,42.193,1.135,146
TEAM_A,S001,match,P002,,65.84,30.555,0.259,144
TEAM_A,S003,match,P003,,91.75,48.103,0.103,141
TEAM_B,S002,training,P007,2026-03-03T16:36:12,64.339,53.86,13.208,162
TEAM_A,S003,match,P016,2026-03-05T16:37:51,80.657,14.847,12.718,142
TEAM_A,S003,match,P010,2026-03-05T17:24:01,32.83,5.14,12.345,152
TEAM_B,S002,training,P007,2026-03-03T17:11:24,64.753,60.056,12.506,163
TEAM_B,S004,training,P016,2026-03-07T16:36:01,58.832,14.298,13.399,137
TEAM_B,S002,training,P015,,91.379,62.926,0.963,154
TEAM_B,S002,training,P003,2026-03-03T16:17:53,48.908,55.184,12.0,145
TEAM_A,S001,match,P017,,61.522,41.254,0.917,162
TEAM_A,S003,match,P005,,0.349,20.958,0.62,140
TEAM_A,S003,match,P013,,98.354,15.779,1.167,150
TEAM_A,S003,match,P007,2026-03-05T16:50:28,95.605,10.66,13.02,155
TEAM_A,S001,match,P013,2026-03-01T16:25:57,100.045,56.46,13.128,135
TEAM_A,S003,match,P018,,101.894,59.178,1.399,156
TEAM_A,S003,match,P014,2026-03-05T16:26:51,75.587,11.479,12.835,157
TEAM_A,S001,match,P013,,73.588,41.517,1.061,142
TEAM_B,S002,training,P012,,21.775,21.766,0.387,152
TEAM_B,S002,training,P012,,52.488,1.837,0.415,137
TEAM_B,S004,training,P014,,34.8,9.946,0.567,132
TEAM_B,S004,training,P012,2026-03-07T16:39:51,71.825,64.459,12.741,144
TEAM_B,S004,training,P011,,51.737,9.325,0.575,143
TEAM_B,S004,training,P011,,73.629,56.208,1.104,160
TEAM_A,S001,match,P013,2026-03-01T17:02:41,47.986,20.334,12.239,134
TEAM_B,S002,training,P012,,45.861,11.597,0.413,150
TEAM_B,S004,training,P012,,99.329,65.859,0.979,148
TEAM_A,S003,match,P002,2026-03-05T16:01:00,17.509,31.745,12.496,157
TEAM_B,S004,training,P017,2026-03-07T16:07:16,92.731,39.987,12.664,134
TEAM_A,S001,match,P006,2026-03-01T16:49:00,83.28,55.964,13.312,135
TEAM_A,S003,match,P016,2026-03-05T16:24:20,96.896,4.221,12.657,138
TEAM_A,S003,match,P013,,66.777,16.539,1.093,165
TEAM_A,S003,match,P013,,61.21,11.055,0.545,148
TEAM_A,S001,match,P015,2026-03-01T16:42:48,86.831,12.873,12.0,167
TEAM_A,S001,match,P011,,67.545,50.724,1.226,129
TEAM_A,S003,match,P011,2026-03-05T16:46:08,62.383,52.45,13.434,148
TEAM_B,S002,training,P008,,45.124,21.176,0.809,151
TEAM_A,S001,match,P006,,96.794,66.996,0.617,158
TEAM_A,S001,match,P010,2026-03-01T16:26:16,0.971,1.86,12.0,161
TEAM_B,S002,training,P016,2026-03-03T17:14:27,19.332,46.757,12.622,139
TEAM_B,S004,training,P008,2026-03-07T16:09:53,22.32,0.028,13.158,146
TEAM_A,S003,match,P018,,95.177,56.481,0.393,148
TEAM_A,S003,match,P002,2026-03-05T16:54:11,15.959,18.155,12.19,138
TEAM_A,S001,match,P010,2026-03-01T16:30:54,0.517,2.592,12.454,129
TEAM_A,S003,match,P016,,81.144,16.33,0.649,155
TEAM_B,S002,training,P018,,3.331,8.79,1.095,133
TEAM_B,S004,training,P018,2026-03-07T16:51:47,41.857,52.595,12.589,140
TEAM_A,S003,match,P006,,69.904,64.552,0.884,143
TEAM_B,S004,training,P008,2026-03-07T17:11:03,20.519,16.453,12.978,177
TEAM_B,S002,training,P009,,23.044,11.722,0.185,150
TEAM_B,S004,training,P001,2026-03-07T16:08:06,103.909,55.798,12.943,170
TEAM_A,S003,match,P017,2026-03-05T16:10:01,87.693,42.162,13.111,146
TEAM_B,S002,training,P005,,97.379,17.61,1.708,135
TEAM_A,S001,match,P010,,27.119,19.207,0.591,135
TEAM_A,S003,match,P018,2026-03-05T16:12:30,68.183,1.198,13.128,160
TEAM_A,S003,match,P006,2026-03-05T17:26:43,73.493,45.77,12.945,149
TEAM_A,S003,match,P013,,62.281,43.16,0.732,154
TEAM_A,S003,match,P001,2026-03-05T16:21:26,7.535,19.512,13.257,159
TEAM_A,S001,match,P008,2026-03-01T16:52:36,87.611,65.212,12.51,156
TEAM_B,S002,training,P018,2026-03-03T16:53:05,3.117,3.91,13.268,132
TEAM_A,S001,match,P014,2026-03-01T16:31:17,36.64,45.682,13.704,167
TEAM_B,S004,training,P005,2026-03-07T17:07:49,67.671,46.036,13.027,168
TEAM_B,S002,training,P005,2026-03-03T16:18:06,94.098,21.93,12.73,134
TEAM_A,S003,match,P007,,81.286,10.722,1.559,148
TEAM_B,S004,training,P013,,47.774,15.202,1.038,137
TEAM_B,S004,training,P013,,39.416,22.278,1.386,144
TEAM_A,S001,match,P007,,15.662,18.482,1.387,164
TEAM_A,S003,match,P011,2026-03-05T16:37:39,74.574,56.666,13.328,141
TEAM_B,S004,training,P013,2026-03-07T16:38:51,80.855,32.41,12.857,162
TEAM_A,S003,match,P008,2026-03-05T17:14:27,67.528,2.932,13.007,181
TEAM_B,S002,training,P009,,59.596,18.598,0.928,155
TEAM_A,S003,match,P018,2026-03-05T16:26:01,80.469,28.114,12.799,162
TEAM_B,S004,training,P003,2026-03-07T17:09:42,91.097,63.734,12.268,151
TEAM_A,S003,match,P018,2026-03-05T17:10:14,88.363,51.166,12.481,150
TEAM_A,S003,match,P005,2026-03-05T17:06:36,1.226,19.823,13.35,163
TEAM_A,S001,match,P018,2026-03-01T17:27:36,62.143,18.221,12.666,135
TEAM_A,S001,match,P011,,64.793,52.194,0.435,128
TEAM_B,S002,training,P012,2026-03-03T16:55:51,46.141,23.917,13.133,126
TEAM_A,S003,match,P014,2026-03-05T17:26:43,79.875,58.452,12.882,150
TEAM_B,S004,training,P007,2026-03-07T16:17:59,17.145,24.169,12.508,164
TEAM_A,S001,match,P010,2026-03-01T16:04:14,69.233,12.267,13.063,159
TEAM_A,S001,match,P016,,97.138,41.851,0.499,148
TEAM_B,S004,training,P002,,26.85,62.838,0.976,156
TEAM_B,S004,training,P012,,97.158,61.262,0.945,177
TEAM_B,S004,training,P002,,54.608,42.203,0.699,140
TEAM_B,S004,training,P001,,98.362,5.149,0.254,139
TEAM_A,S003,match,P016,2026-03-05T16:07:56,76.439,21.533,12.488,138
TEAM_B,S004,training,P006,,14.77,39.17,1.143,154
TEAM_B,S004,training,P018,,41.545,45.547,0.835,160
TEAM_A,S001,match,P011,2026-03-01T17:27:03,103.776,63.261,12.82,160
TEAM_A,S001,match,P003,2026-03-01T17:03:16,10.788,38.127,13.088,158
TEAM_B,S002,training,P005,2026-03-03T16:17:44,97.434,20.557,12.193,150
TEAM_B,S002,training,P014,,79.988,32.881,0.917,150
TEAM_B,S002,training,P002,2026-03-03T16:58:09,26.734,49.706,12.762,156
TEAM_A,S001,match,P016,,71.912,26.98,0.764,162
TEAM_B,S004,training,P018,,21.669,62.045,1.116,154
TEAM_A,S003,match,P004,2026-03-05T17:04:19,84.553,0.647,12.626,122
TEAM_B,S002,training,P012,2026-03-03T16:39:22,46.882,15.06,12.537,139
TEAM_A,S001,match,P004,2026-03-01T17:24:40,13.965,52.903,12.703,158
TEAM_B,S002,training,P017,,101.718,21.847,1.38,145
TEAM_A,S003,match,P015,2026-03-05T16:16:04,99.114,59.227,12.267,172
TEAM_A,S001,match,P013,,54.075,49.773,0.574,153
TEAM_A,S003,match,P001,2026-03-05T16:05:19,13.022,21.44,12.521,151
TEAM_B,S002,training,P001,2026-03-03T16:59:11,44.153,59.295,13.174,132
TEAM_A,S001,match,P011,2026-03-01T16:34:50,76.921,37.64,13.361,160
TEAM_B,S002,training,P012,2026-03-03T17:12:45,41.567,45.235,12.401,145
TEAM_B,S004,training,P015,,14.346,14.442,0.324,148
TEAM_B,S004,training,P006,2026-03-07T16:55:51,17.463,49.712,12.532,158
TEAM_B,S004,training,P011,,86.68,55.14,0.832,153
TEAM_B,S004,training,P017,2026-03-07T17:08:30,46.609,60.928,13.377,167
TEAM_A,S003,match,P018,,90.791,62.082,1.088,137
TEAM_A,S003,match,P010,2026-03-05T16:02:28,96.984,16.858,12.131,150
TEAM_A,S001,match,P008,2026-03-01T16:10:35,86.039,41.108,12.968,176
TEAM_B,S002,training,P006,,23.249,7.611,0.905,149
TEAM_B,S004,training,P018,2026-03-07T17:00:44,25.329,64.857,12.47,152
TEAM_A,S003,match,P011,,58.645,54.774,0.518,185
TEAM_B,S004,training,P001,,99.969,61.914,0.783,164
TEAM_B,S004,training,P011,2026-03-07T17:00:06,68.429,63.2,12.796,158
TEAM_A,S001,match,P009,2026-03-01T16:01:36,21.216,28.456,13.098,117
TEAM_A,S003,match,P010,,41.135,10.353,0.138,139
TEAM_B,S004,training,P010,,102.83,65.715,0.465,153
TEAM_B,S002,training,P018,,21.574,24.252,1.658,128
TEAM_A,S001,match,P007,,36.392,35.761,0.57,137
TEAM_A,S001,match,P014,2026-03-01T16:05:59,17.806,5.332,12.827,152
TEAM_B,S002,training,P012,2026-03-03T16:54:47,44.458,15.296,12.737,136
TEAM_A,S003,match,P004,,48.459,15.403,1.509,141
TEAM_A,S001,match,P016,,72.882,39.494,0.895,155
TEAM_A,S003,match,P018,,98.66,60.173,0.066,171
TEAM_A,S003,match,P002,,35.695,28.49,0.72,150
TEAM_B,S004,training,P008,2026-03-07T17:09:36,19.322,18.895,12.992,162
TEAM_A,S001,match,P007,,11.416,47.953,0.293,159
TEAM_A,S003,match,P001,,11.347,11.922,0.403,157
TEAM_A,S001,match,P018,2026-03-01T16:40:15,45.755,16.339,12.429,153
TEAM_B,S004,training,P007,2026-03-07T16:01:58,36.418,43.858,12.525,140
TEAM_B,S004,training,P001,,93.204,31.679,0.471,136
TEAM_B,S002,training,P001,,46.998,50.637,0.254,152
TEAM_B,S004,training,P005,2026-03-07T16:37:33,34.74,41.739,13.174,165
TEAM_A,S003,match,P007,2026-03-05T17:17:45,66.821,27.817,13.15,142
TEAM_A,S003,match,P017,2026-03-05T16:58:07,86.236,23.765,12.842,149
TEAM_B,S002,training,P013,,38.734,48.748,0.505,143
TEAM_A,S003,match,P009,2026-03-05T16:24:54,65.339,66.099,12.478,147
TEAM_A,S003,match,P001,,12.36,28.834,1.726,158
TEAM_A,S001,match,P010,,4.505,3.691,1.353,140
TEAM_B,S004,training,P013,,64.447,10.013,0.691,157
TEAM_B,S004,training,P017,2026-03-07T16:44:04,56.428,43.962,12.351,135
TEAM_B,S002,training,P009,,39.124,3.203,0.523,164
TEAM_B,S004,training,P005,2026-03-07T16:40:34,54.035,53.81,12.892,150
TEAM_A,S003,match,P011,,69.727,50.678,0.889,150
TEAM_A,S003,match,P006,,62.725,36.821,0.72,147
TEAM_B,S002,training,P006,,21.102,9.866,0.244,155
TEAM_A,S003,match,P013,,59.253,41.44,0.273,151
TEAM_B,S002,training,P004,,89.306,32.991,0.928,150
TEAM_A,S001,match,P001,,62.201,23.509,1.126,140
TEAM_A,S001,match,P011,,102.945,24.471,1.777,136
TEAM_B,S004,training,P013,,78.966,0.0,0.331,181
TEAM_A,S001,match,P008,2026-03-01T17:06:26,76.056,36.401,13.625,158
TEAM_B,S002,training,P008,2026-03-03T16:55:45,63.774,6.894,12.559,138
TEAM_A,S001,match,P003,2026-03-01T16:36:56,21.652,39.181,12.333,164
TEAM_B,S004,training,P001,2026-03-07T16:57:10,103.119,18.696,12.835,146
TEAM_A,S003,match,P009,,46.608,64.051,0.955,153
TEAM_B,S002,training,P006,,25.951,9.759,0.802,160
TEAM_A,S003,match,P011,,68.01,44.819,1.282,170
TEAM_A,S001,match,P017,2026-03-01T16:51:16,24.996,64.558,13.07,174
TEAM_A,S001,match,P010,2026-03-01T16:02:55,82.605,10.893,13.337,145
TEAM_A,S001,match,P004,2026-03-01T16:26:36,86.76,22.796,12.336,167
TEAM_A,S001,match,P018,2026-03-01T16:02:27,33.63,45.433,13.244,171
TEAM_B,S002,training,P015,,88.467,63.422,1.212,159
TEAM_A,S003,match,P002,2026-03-05T17:27:03,36.62,22.181,13.434,132
TEAM_B,S004,training,P017,2026-03-07T16:01:42,86.094,34.054,12.81,148
TEAM_A,S001,match,P005,2026-03-01T16:32:23,30.997,16.678,13.38,155
TEAM_A,S001,match,P017,,59.575,27.121,0.449,164
TEAM_A,S003,match,P015,2026-03-05T16:23:44,103.223,44.627,13.157,153
TEAM_B,S004,training,P004,,48.815,37.722,0.79,170
TEAM_B,S002,training,P016,2026-03-03T16:02:48,16.155,33.348,12.898,156
TEAM_A,S001,match,P009,,64.418,12.412,0.0,150
TEAM_A,S001,match,P004,,85.163,5.771,0.52,140
TEAM_A,S003,match,P013,2026-03-05T16:45:35,85.328,10.817,12.609,139
TEAM_A,S003,match,P009,,52.989,61.501,0.411,153
TEAM_B,S004,training,P017,2026-03-07T16:33:59,54.053,68.0,12.467,138
TEAM_A,S001,match,P007,2026-03-01T16:40:58,11.366,48.915,12.887,139
TEAM_B,S002,training,P013,2026-03-03T16:07:30,33.37,37.413,12.629,136
TEAM_A,S003,match,P003,2026-03-05T17:05:42,99.414,53.644,12.303,139
TEAM_A,S003,match,P014,2026-03-05T17:06:06,85.594,50.93,12.758,150
TEAM_A,S001,match,P009,2026-03-01T16:26:48,33.104,12.219,13.609,146
TEAM_B,S002,training,P015,,90.725,41.426,1.223,182
TEAM_B,S002,training,P017,,97.757,27.958,0.554,150
TEAM_A,S001,match,P003,2026-03-01T17:01:13,3.302,34.776,12.731,162
TEAM_A,S003,match,P018,2026-03-05T17:18:02,101.642,60.346,13.151,147
TEAM_A,S003,match,P009,2026-03-05T16:15:28,86.07,48.834,12.89,147
TEAM_B,S002,training,P002,2026-03-03T16:37:00,57.959,52.113,13.239,144
TEAM_B,S002,training,P018,,8.545,1.973,1.17,167
TEAM_B,S002,training,P004,2026-03-03T17:02:51,84.624,29.148,12.85,136
TEAM_B,S004,training,P006,,7.451,42.064,0.834,147
TEAM_B,S004,training,P002,,43.481,37.694,0.615,150
TEAM_B,S004,training,P004,2026-03-07T16:07:28,35.86,46.322,13.095,166
TEAM_B,S002,training,P014,,79.465,41.263,0.992,142
TEAM_A,S001,match,P004,2026-03-01T17:26:47,12.386,47.28,12.485,156
TEAM_B,S004,training,P003,,64.674,63.957,1.064,144
TEAM_B,S002,training,P001,2026-03-03T16:44:06,39.054,65.727,12.449,153
TEAM_A,S001,match,P016,,105.0,66.505,0.287,159
TEAM_A,S003,match,P011,,47.721,53.966,1.217,136
TEAM_A,S001,match,P016,2026-03-01T17:15:55,43.591,20.305,13.66,135
TEAM_A,S003,match,P006,,69.993,10.613,0.622,143
TEAM_A,S001,match,P008,,97.825,35.024,0.45,150
TEAM_B,S002,training,P007,,63.066,43.703,0.929,168
TEAM_A,S001,match,P004,,89.954,20.413,0.569,118
TEAM_A,S003,match,P009,2026-03-05T16:08:15,79.815,47.207,12.152,151
TEAM_A,S001,match,P007,,11.697,35.628,0.509,139
TEAM_A,S001,match,P012,2026-03-01T16:29:16,34.647,23.903,12.397,157
TEAM_B,S004,training,P004,,30.239,58.157,0.986,155
TEAM_B,S002,training,P007,2026-03-03T17:10:04,59.55,60.485,12.122,143
TEAM_B,S002,training,P009,2026-03-03T16:56:37,11.828,10.186,12.733,151
TEAM_A,S001,match,P007,,14.249,49.424,0.617,147
TEAM_A,S001,match,P008,2026-03-01T16:21:58,93.821,37.97,12.937,177
TEAM_A,S001,match,P013,,81.155,35.188,0.0,150
TEAM_A,S001,match,P012,2026-03-01T16:28:14,34.056,29.336,13.255,165
TEAM_B,S004,training,P014,2026-03-07T16:08:09,52.707,27.96,12.0,135
TEAM_A,S001,match,P014,2026-03-01T17:06:53,89.933,67.588,12.622,161
TEAM_A,S003,match,P017,,90.706,39.539,0.0,145
TEAM_B,S002,training,P011,,30.028,52.972,0.844,163
TEAM_B,S002,training,P002,,58.934,64.824,0.504,141
TEAM_B,S004,training,P015,,48.061,18.72,1.157,160
TEAM_A,S003,match,P004,,86.13,3.016,1.039,140
TEAM_A,S001,match,P014,,69.457,62.468,0.866,145
TEAM_A,S001,match,P004,,81.693,55.405,1.135,150
TEAM_B,S004,training,P015,2026-03-07T16:16:54,36.503,5.153,12.722,155
TEAM_A,S001,match,P002,,55.367,9.306,0.641,161
TEAM_A,S001,match,P011,2026-03-01T16:19:11,75.756,51.855,12.128,148
TEAM_B,S002,training,P009,2026-03-03T16:36:38,44.194,23.463,13.594,153
TEAM_A,S001,match,P016,,104.812,65.344,0.0,140
TEAM_B,S004,training,P014,,36.388,12.493,1.567,157
TEAM_A,S001,match,P014,,28.56,35.836,0.593,153
TEAM_A,S003,match,P001,2026-03-05T17:03:06,10.914,2.537,12.054,161
TEAM_B,S002,training,P017,,72.612,33.307,0.545,142
TEAM_B,S004,training,P003,2026-03-07T16:16:38,40.072,58.907,13.273,135
TEAM_B,S002,training,P007,,67.659,53.326,0.625,158
TEAM_A,S003,match,P015,2026-03-05T16:13:17,103.491,44.49,13.074,150
TEAM_A,S001,match,P012,2026-03-01T16:19:56,27.421,25.26,12.762,151
TEAM_B,S004,training,P006,2026-03-07T16:07:29,13.765,59.581,13.199,142
TEAM_A,S001,match,P006,,29.897,34.91,1.187,150
TEAM_A,S003,match,P009,2026-03-05T16:14:45,93.814,53.034,12.277,148
TEAM_A,S003,match,P012,,34.682,38.424,0.438,148
TEAM_A,S003,match,P018,2026-03-05T17:00:09,93.137,62.38,12.812,163
TEAM_B,S002,training,P006,2026-03-03T16:18:20,31.757,20.486,12.952,143
TEAM_B,S004,training,P007,,50.259,28.213,0.266,145
TEAM_A,S001,match,P013,2026-03-01T17:25:32,59.677,46.958,12.305,128
TEAM_A,S003,match,P011,2026-03-05T17:18:46,57.765,47.394,12.769,149
TEAM_A,S001,match,P001,,69.033,14.782,0.721,146
TEAM_B,S004,training,P017,2026-03-07T16:10:30,84.771,55.415,12.0,147
TEAM_B,S004,training,P004,,49.904,68.0,0.92,148
TEAM_A,S001,match,P007,,8.827,7.796,0.695,151
TEAM_B,S004,training,P013,2026-03-07T16:21:11,48.66,13.756,12.951,165
TEAM_B,S002,training,P006,2026-03-03T17:12:08,20.622,30.019,13.218,143
TEAM_A,S001,match,P018,,52.239,47.881,1.281,138
TEAM_A,S003,match,P007,,91.791,43.001,0.909,162
TEAM_A,S003,match,P018,2026-03-05T16:45:17,92.973,64.796,13.146,129
TEAM_B,S004,training,P012,,90.003,62.049,0.713,141
TEAM_A,S003,match,P004,,70.324,8.537,0.515,155
TEAM_A,S001,match,P014,,85.159,56.177,0.625,127
TEAM_A,S001,match,P013,2026-03-01T16:29:39,88.941,56.804,12.534,152
TEAM_A,S001,match,P008,,105.0,0.0,0.154,138
TEAM_A,S001,match,P001,2026-03-01T16:43:14,61.675,21.14,12.905,139
TEAM_B,S002,training,P008,,51.206,11.461,0.241,149
TEAM_A,S001,match,P008,,82.613,48.398,1.005,155
TEAM_B,S002,training,P015,,90.262,67.135,1.053,139
TEAM_B,S004,training,P012,,81.143,52.029,1.106,150
TEAM_A,S003,match,P012,2026-03-05T17:08:36,44.472,39.281,13.201,158
TEAM_A,S001,match,P007,,36.921,49.734,0.863,142
TEAM_A,S001,match,P004,2026-03-01T17:05:09,38.453,34.682,13.189,146
TEAM_B,S004,training,P008,,44.807,23.221,0.889,154
TEAM_B,S002,training,P015,2026-03-03T16:25:35,84.739,61.978,12.613,166
TEAM_A,S003,match,P009,2026-03-05T17:09:56,55.731,47.006,12.181,141
TEAM_A,S003,match,P012,,71.341,21.786,0.0,153
TEAM_B,S004,training,P017,,38.492,55.284,1.041,150
TEAM_B,S002,training,P010,2026-03-03T16:24:26,76.162,51.155,12.486,154
TEAM_B,S004,training,P018,,54.744,29.222,0.624,143
TEAM_B,S004,training,P013,2026-03-07T16:48:52,55.591,8.803,12.147,155
TEAM_B,S002,training,P017,2026-03-03T17:05:28,91.599,34.206,13.032,147
TEAM_A,S003,match,P006,,44.437,42.002,0.165,162
TEAM_A,S003,match,P010,2026-03-05T16:52:16,38.817,18.126,12.913,117
TEAM_B,S002,training,P012,,55.818,1.495,1.023,150
TEAM_A,S003,match,P013,2026-03-05T16:23:26,75.195,21.523,12.802,141
TEAM_B,S004,training,P001,2026-03-07T17:10:58,102.301,6.797,12.612,164
TEAM_A,S001,match,P017,,62.629,25.189,0.832,155
TEAM_A,S001,match,P009,2026-03-01T16:39:34,38.206,11.9,12.848,158
TEAM_B,S002,training,P016,,42.913,38.078,0.869,154
TEAM_A,S001,match,P008,2026-03-01T17:00:14,75.911,46.979,13.069,136
TEAM_B,S002,training,P017,2026-03-03T16:22:20,99.906,19.41,12.31,159
TEAM_A,S001,match,P002,2026-03-01T16:43:43,45.129,7.566,12.693,139
TEAM_B,S002,training,P005,,94.567,30.31,1.332,163
TEAM_A,S003,match,P006,,66.436,46.742,0.407,160
TEAM_A,S001,match,P013,2026-03-01T16:32:45,76.763,52.766,13.057,143
TEAM_B,S004,training,P002,2026-03-07T16:05:56,53.738,49.512,12.828,141
TEAM_A,S003,match,P009,2026-03-05T17:14:40,60.94,39.592,12.949,145
TEAM_B,S002,training,P009,2026-03-03T16:33:08,33.018,19.161,12.934,136
TEAM_A,S001,match,P014,,87.497,65.371,0.434,152
TEAM_A,S001,match,P001,,66.95,7.604,0.445,150
TEAM_B,S004,training,P013,2026-03-07T16:28:10,64.408,23.998,12.891,162
TEAM_B,S002,training,P005,,93.487,33.034,1.261,153
TEAM_A,S001,match,P018,2026-03-01T16:42:28,42.629,12.148,12.972,163
TEAM_B,S002,training,P009,2026-03-03T16:05:14,50.984,12.784,12.925,147
TEAM_A,S001,match,P018,,39.093,56.65,0.904,152
TEAM_A,S003,match,P007,2026-03-05T16:04:29,83.212,44.266,12.984,134
TEAM_A,S003,match,P008,2026-03-05T17:00:48,48.68,8.327,12.975,134
TEAM_A,S003,match,P013,,63.204,24.19,1.054,141
TEAM_B,S004,training,P012,,74.249,56.381,0.887,159
TEAM_B,S004,training,P010,,100.712,67.475,1.153,156
TEAM_A,S003,match,P009,2026-03-05T17:11:23,59.03,51.353,13.792,131
TEAM_B,S004,training,P017,,48.938,60.322,0.91,164
TEAM_B,S002,training,P016,2026-03-03T17:05:45,35.372,55.185,12.155,158
TEAM_A,S001,match,P010,,34.462,6.833,0.83,136
TEAM_A,S003,match,P006,,69.0,21.453,1.161,142
